"date";"day_of_the_year";"max_daily_temp";"min_daily_temp"
"2012-10-01";275;15.961047606000022;15.220000000000027
"2012-10-02";276;21.850000000000023;16.040311099000007
"2012-10-03";277;19.879999999999995;15.54000000000002
"2012-10-04";278;22.269999999999982;17.120000000000005
"2012-10-05";279;23.269999999999982;18.579999999999984
"2012-10-06";280;26.779999999999973;14.779999999999973
"2012-10-07";281;24.839999999999975;15.009999999999991
"2012-10-08";282;13.810000000000002;6.639999999999986
"2012-10-09";283;12.779999999999973;5.019999999999982
"2012-10-10";284;15.600000000000023;9.870000000000005
"2012-10-11";285;18.30000000000001;12.170000000000016
"2012-10-12";286;15.759999999999991;7.920000000000016
"2012-10-13";287;14.100000000000023;5.0400000000000205
"2012-10-14";288;12.089999999999975;-0.18000000000000682
"2012-10-15";289;21.94999999999999;9.629999999999995
"2012-10-16";290;22.05000000000001;15.560000000000002
"2012-10-17";291;16.399999999999977;10.870000000000005
"2012-10-18";292;17.160000000000025;3.339999999999975
"2012-10-19";293;18.980000000000018;5.0
"2012-10-20";294;19.939999999999998;16.379999999999995
"2012-10-21";295;18.470000000000027;14.310000000000002
"2012-10-22";296;18.45999999999998;8.930000000000007
"2012-10-23";297;20.339999999999975;9.550000000000011
"2012-10-24";298;17.519999999999982;8.339999999999975
"2012-10-25";299;15.990000000000009;13.279999999999973
"2012-10-26";300;16.769999999999982;12.870000000000005
"2012-10-27";301;18.879999999999995;14.25
"2012-10-28";302;18.360000000000014;15.689999999999998
"2012-10-29";303;15.680000000000007;13.600000000000023
"2012-10-30";304;16.970000000000027;12.29000000000002
"2012-10-31";305;16.30000000000001;11.269999999999982
"2012-11-01";306;11.269999999999982;7.639999999999986
"2012-11-02";307;11.439999999999998;5.160000000000025
"2012-11-03";308;11.600000000000023;8.379999999999995
"2012-11-04";309;10.579999999999984;5.910000000000025
"2012-11-05";310;10.850000000000023;4.189999999999998
"2012-11-06";311;8.529999999999973;3.6899999999999977
"2012-11-07";312;6.779999999999973;-2.160000000000025
"2012-11-08";313;4.579999999999984;0.6899999999999977
"2012-11-09";314;8.629999999999995;0.08999999999997499
"2012-11-10";315;12.45999999999998;2.8799999999999955
"2012-11-11";316;13.029999999999973;3.4599999999999795
"2012-11-12";317;17.939999999999998;6.8799999999999955
"2012-11-13";318;19.310000000000002;7.220000000000027
"2012-11-14";319;16.05000000000001;6.899999999999977
"2012-11-15";320;9.600000000000023;1.589999999999975
"2012-11-16";321;7.5;3.4499999999999886
"2012-11-17";322;8.870000000000005;1.6800000000000068
"2012-11-18";323;12.25;0.8000000000000114
"2012-11-19";324;9.930000000000007;0.7900000000000205
"2012-11-20";325;9.360000000000014;1.6000000000000227
"2012-11-21";326;10.310000000000002;0.37000000000000455
"2012-11-22";327;12.660000000000025;1.5
"2012-11-23";328;13.689999999999998;0.9900000000000091
"2012-11-24";329;15.139999999999986;0.10000000000002274
"2012-11-25";330;9.920000000000016;3.990000000000009
"2012-11-26";331;5.160000000000025;1.1899999999999977
"2012-11-27";332;10.269999999999982;1.6899999999999977
"2012-11-28";333;3.4700000000000273;-0.22000000000002728
"2012-11-29";334;5.410000000000025;0.7799999999999727
"2012-11-30";335;6.930000000000007;-1.589999999999975
"2012-12-01";336;7.699999999999989;-0.9599999999999795
"2012-12-02";337;8.75;2.579999999999984
"2012-12-03";338;9.930000000000007;4.1299999999999955
"2012-12-04";339;17.069999999999993;6.819999999999993
"2012-12-05";340;16.329999999999984;6.269999999999982
"2012-12-06";341;12.730000000000018;6.1200000000000045
"2012-12-07";342;5.6299999999999955;-2.089999999999975
"2012-12-08";343;5.579999999999984;-1.920000000000016
"2012-12-09";344;11.850000000000023;6.829999999999984
"2012-12-10";345;9.050000000000011;5.5
"2012-12-11";346;13.990000000000009;5.699999999999989
"2012-12-12";347;13.670000000000016;6.060000000000002
"2012-12-13";348;6.730000000000018;0.7599999999999909
"2012-12-14";349;8.360000000000014;-0.29000000000002046
"2012-12-15";350;10.5;-3.3999999999999773
"2012-12-16";351;8.910000000000025;-1.7300000000000182
"2012-12-17";352;7.949999999999989;4.939999999999998
"2012-12-18";353;6.480000000000018;4.5
"2012-12-19";354;12.569999999999993;5.910000000000025
"2012-12-20";355;10.029999999999973;4.9599999999999795
"2012-12-21";356;5.949999999999989;-0.3100000000000023
"2012-12-22";357;13.389999999999986;3.980000000000018
"2012-12-23";358;4.1200000000000045;2.230000000000018
"2012-12-24";359;6.339999999999975;1.3199999999999932
"2012-12-25";360;4.350000000000023;-3.079999999999984
"2012-12-26";361;5.420000000000016;0.7400000000000091
"2012-12-27";362;2.5500000000000114;-2.6200000000000045
"2012-12-28";363;4.189999999999998;1.3199999999999932
"2012-12-29";364;3.6299999999999955;-1.0299999999999727
"2013-12-30";365;0.8799999999999955;-2.6100000000000136
"2013-12-31";366;1.990000000000009;-1.2300000000000182
"2013-01-01";1;3.6100000000000136;-3.240000000000009
"2013-01-02";2;4.170000000000016;1.3199999999999932
"2013-01-03";3;0.9499999999999886;-5.0
"2013-01-04";4;1.2900000000000205;-4.410000000000025
"2013-01-05";5;3.680000000000007;-1.009999999999991
"2013-01-06";6;7.0;-0.08999999999997499
"2013-01-07";7;8.54000000000002;-0.5
"2013-01-08";8;8.180000000000007;1.0600000000000023
"2013-01-09";9;9.480000000000018;-2.740000000000009
"2013-01-10";10;8.620000000000005;-0.4800000000000182
"2013-01-11";11;9.189999999999998;4.589999999999975
"2013-01-12";12;6.0;0.589999999999975
"2013-01-13";13;8.319999999999993;5.240000000000009
"2013-01-14";14;8.839999999999975;6.759999999999991
"2013-01-15";15;13.269999999999982;8.399999999999977
"2013-01-16";16;9.5;2.019999999999982
"2013-01-17";17;4.699999999999989;0.7400000000000091
"2013-01-18";18;6.329999999999984;1.9800000000000182
"2013-01-19";19;3.9700000000000273;-2.769999999999982
"2013-01-20";20;8.149999999999977;-2.8899999999999864
"2013-01-21";21;12.100000000000023;3.160000000000025
"2013-01-22";22;4.615000000000009;-3.069999999999993
"2013-01-23";23;-1.134999999999991;-8.149999999999977
"2013-01-24";24;-7.0400000000000205;-11.779999999999973
"2013-01-25";25;-4.569999999999993;-11.689999999999998
"2013-01-26";26;-4.192666667000026;-10.509999999999991
"2013-01-27";27;-2.3100000000000023;-9.939999999999998
"2013-01-28";28;1.5;-7.884500000000003
"2013-01-29";29;7.097333332999995;-4.240000000000009
"2013-01-30";30;8.45999999999998;1.920000000000016
"2013-01-31";31;12.819999999999993;3.730000000000018
"2013-02-01";32;12.149999999999977;1.579999999999984
"2013-02-02";33;1.2699999999999818;-3.019999999999982
"2013-02-03";34;-1.5600000000000023;-5.850000000000023
"2013-02-04";35;-0.2599999999999909;-5.029999999999973
"2013-02-05";36;-0.8000000000000114;-4.980000000000018
"2013-02-06";37;-0.7599999999999909;-3.3500000000000227
"2013-02-07";38;4.410000000000025;-2.3600000000000136
"2013-02-08";39;0.9900000000000091;-3.9499999999999886
"2013-02-09";40;1.3799999999999955;-1.6399999999999864
"2013-02-10";41;1.170000000000016;-2.8000000000000114
"2013-02-11";42;2.6399999999999864;-5.560000000000002
"2013-02-12";43;4.980000000000018;-1.8899999999999864
"2013-02-13";44;6.149999999999977;3.769999999999982
"2013-02-14";45;6.420000000000016;-2.8100000000000023
"2013-02-15";46;8.170000000000016;0.040000000000020464
"2013-02-16";47;12.779999999999973;0.6200000000000045
"2013-02-17";48;6.970000000000027;1.4599999999999795
"2013-02-18";49;1.3500000000000227;-3.8899999999999864
"2013-02-19";50;2.519999999999982;-8.100000000000023
"2013-02-20";51;7.759999999999991;-2.1299999999999955
"2013-02-21";52;6.600000000000023;-1.8389999999999986
"2013-02-22";53;1.7900000000000205;-4.060000000000002
"2013-02-23";54;4.939999999999998;-4.189999999999998
"2013-02-24";55;4.970000000000027;2.0299999999999727
"2013-02-25";56;8.139999999999986;2.5400000000000205
"2013-02-26";57;6.800000000000011;-0.8299999999999841
"2013-02-27";58;6.579999999999984;-1.3100000000000023
"2013-02-28";59;8.389999999999986;2.4700000000000273
"2013-03-01";60;9.990000000000009;4.839999999999975
"2013-03-02";61;7.240000000000009;1.1999999999999886
"2013-03-03";62;4.170000000000016;0.8000000000000114
"2013-03-04";63;4.009999999999991;-1.4300000000000068
"2013-03-05";64;5.160000000000025;-2.4700000000000273
"2013-03-06";65;8.870000000000005;-0.4700000000000273
"2013-03-07";66;5.9599999999999795;3.3100000000000023
"2013-03-08";67;4.7099999999999795;1.7300000000000182
"2013-03-09";68;4.1299999999999955;-0.3299999999999841
"2013-03-10";69;12.579999999999984;0.7409999999999854
"2013-03-11";70;8.769999999999982;-0.5500000000000114
"2013-03-12";71;11.470000000000027;3.3600000000000136
"2013-03-13";72;12.079999999999984;3.1566666670000245
"2013-03-14";73;10.970000000000027;3.1499999999999773
"2013-03-15";74;6.199999999999989;-2.3306666670000027
"2013-03-16";75;7.740000000000009;-1.509999999999991
"2013-03-17";76;7.850000000000023;-0.4075000000000273
"2013-03-18";77;3.1499999999999773;-1.6850000000000023
"2013-03-19";78;3.4879999999999995;-2.9700000000000273
"2013-03-20";79;6.579999999999984;-0.5
"2013-03-21";80;7.100000000000023;-0.160000000000025
"2013-03-22";81;5.220000000000027;-0.3199999999999932
"2013-03-23";82;4.850000000000023;-2.1100000000000136
"2013-03-24";83;7.3799999999999955;0.339999999999975
"2013-03-25";84;8.079999999999984;-0.38999999999998636
"2013-03-26";85;5.7900000000000205;2.990000000000009
"2013-03-27";86;10.439999999999998;1.4599999999999795
"2013-03-28";87;11.279999999999973;1.4399999999999977
"2013-03-29";88;9.449999999999989;2.3100000000000023
"2013-03-30";89;12.149999999999977;3.240000000000009
"2013-03-31";90;14.329999999999984;2.6000000000000227
"2013-04-01";91;12.444500000000005;1.579999999999984
"2013-04-02";92;16.420000000000016;6.0400000000000205
"2013-04-03";93;8.230000000000018;0.0
"2013-04-04";94;8.060000000000002;0.01999999999998181
"2013-04-05";95;10.949999999999989;-0.5500000000000114
"2013-04-06";96;16.980000000000018;3.788000000000011
"2013-04-07";97;11.889999999999986;1.759999999999991
"2013-04-08";98;13.5;3.5
"2013-04-09";99;22.560000000000002;7.680000000000007
"2013-04-10";100;28.060000000000002;10.649999999999977
"2013-04-11";101;23.350000000000023;12.839999999999975
"2013-04-12";102;15.970000000000027;10.649999999999977
"2013-04-13";103;9.45999999999998;5.0400000000000205
"2013-04-14";104;13.889999999999986;4.509999999999991
"2013-04-15";105;14.029999999999973;8.379999999999995
"2013-04-16";106;13.54000000000002;5.9599999999999795
"2013-04-17";107;17.74000000000001;8.399999999999977
"2013-04-18";108;20.939999999999998;13.189999999999998
"2013-04-19";109;17.439999999999998;9.069999999999993
"2013-04-20";110;21.899999999999977;12.009999999999991
"2013-04-21";111;18.980000000000018;9.930000000000007
"2013-04-22";112;12.410000000000025;2.6499999999999773
"2013-04-23";113;11.610000000000014;3.6100000000000136
"2013-04-24";114;10.819999999999993;4.779999999999973
"2013-04-25";115;20.139999999999986;4.860000000000014
"2013-04-26";116;18.180000000000007;8.399999999999977
"2013-04-27";117;18.769999999999982;6.850000000000023
"2013-04-28";118;20.089999999999975;6.769999999999982
"2013-04-29";119;19.860000000000014;7.339999999999975
"2013-04-30";120;14.889999999999986;11.399999999999977
"2013-05-01";121;18.55000000000001;11.069999999999993
"2013-05-02";122;18.810000000000002;5.480000000000018
"2013-05-03";123;21.480000000000018;6.3799999999999955
"2013-05-04";124;17.44999999999999;10.829999999999984
"2013-05-05";125;19.569999999999993;6.560000000000002
"2013-05-06";126;16.139999999999986;6.519999999999982
"2013-05-07";127;19.319999999999993;7.269999999999982
"2013-05-08";128;21.670000000000016;9.670000000000016
"2013-05-09";129;18.660000000000025;14.75
"2013-05-10";130;19.310000000000002;12.600000000000023
"2013-05-11";131;26.420000000000016;12.660000000000025
"2013-05-12";132;21.04000000000002;16.930000000000007
"2013-05-13";133;19.899999999999977;13.95999999999998
"2013-05-14";134;14.810000000000002;6.930000000000007
"2013-05-15";135;16.360000000000014;4.670000000000016
"2013-05-16";136;20.370000000000005;8.480000000000018
"2013-05-17";137;26.55000000000001;14.310000000000002
"2013-05-18";138;24.410000000000025;14.699999999999989
"2013-05-19";139;21.480000000000018;12.120000000000005
"2013-05-20";140;15.519999999999982;13.259999999999991
"2013-05-21";141;25.970000000000027;14.04000000000002
"2013-05-22";142;29.99000000000001;18.029999999999973
"2013-05-23";143;27.029999999999973;15.829999999999984
"2013-05-24";144;24.829999999999984;20.310000000000002
"2013-05-25";145;20.060000000000002;9.04000000000002
"2013-05-26";146;12.129999999999995;7.269999999999982
"2013-05-27";147;19.379999999999995;8.629999999999995
"2013-05-28";148;23.350000000000023;8.120000000000005
"2013-05-29";149;20.850000000000023;11.610000000000014
"2013-05-30";150;29.100000000000023;14.529999999999973
"2013-05-31";151;32.99000000000001;21.49000000000001
"2013-06-01";152;33.110000000000014;21.680000000000007
"2013-06-02";153;31.939999999999998;21.430000000000007
"2013-06-03";154;30.399999999999977;22.310000000000002
"2013-06-04";155;26.819999999999993;20.50999999999999
"2013-06-05";156;24.149999999999977;14.189999999999998
"2013-06-06";157;22.779999999999973;12.319999999999993
"2013-06-07";158;21.220000000000027;13.95999999999998
"2013-06-08";159;17.629999999999995;15.759999999999991
"2013-06-09";160;24.660000000000025;13.980000000000018
"2013-06-10";161;27.149999999999977;15.730000000000018
"2013-06-11";162;24.149999999999977;18.120000000000005
"2013-06-12";163;27.029999999999973;17.55000000000001
"2013-06-13";164;24.879999999999995;19.110000000000014
"2013-06-14";165;22.519999999999982;16.589999999999975
"2013-06-15";166;22.610000000000014;11.819999999999993
"2013-06-16";167;27.269999999999982;14.579999999999984
"2013-06-17";168;27.80000000000001;14.079999999999984
"2013-06-18";169;29.95999999999998;18.610000000000014
"2013-06-19";170;27.629999999999995;17.970000000000027
"2013-06-20";171;24.810000000000002;14.939999999999998
"2013-06-21";172;26.19999999999999;14.519999999999982
"2013-06-22";173;27.25;15.360000000000014
"2013-06-23";174;29.610000000000014;15.199999999999989
"2013-06-24";175;31.19999999999999;19.25
"2013-06-25";176;33.70999999999998;22.70999999999998
"2013-06-26";177;34.02999999999997;20.819999999999993
"2013-06-27";178;31.149999999999977;22.850000000000023
"2013-06-28";179;31.94999999999999;21.75
"2013-06-29";180;30.629999999999995;22.819999999999993
"2013-06-30";181;29.54000000000002;20.269999999999982
"2013-07-01";182;29.600000000000023;20.80000000000001
"2013-07-02";183;24.75;22.730000000000018
"2013-07-03";184;28.149999999999977;23.399999999999977
"2013-07-04";185;28.670000000000016;23.149999999999977
"2013-07-05";186;32.06;23.610000000000014
"2013-07-06";187;33.64999999999998;23.319999999999993
"2013-07-07";188;34.69999999999999;24.470000000000027
"2013-07-08";189;34.70999999999998;25.069999999999993
"2013-07-09";190;32.31999999999999;21.99000000000001
"2013-07-10";191;31.439999999999998;21.720000000000027
"2013-07-11";192;31.129999999999995;23.279999999999973
"2013-07-12";193;29.670000000000016;25.389999999999986
"2013-07-13";194;26.529999999999973;21.970000000000027
"2013-07-14";195;28.939999999999998;20.180000000000007
"2013-07-15";196;31.870000000000005;23.439999999999998
"2013-07-16";197;35.29000000000002;23.870000000000005
"2013-07-17";198;34.77999999999997;22.970000000000027
"2013-07-18";199;36.05000000000001;23.720000000000027
"2013-07-19";200;37.24000000000001;24.79000000000002
"2013-07-20";201;36.81999999999999;26.220000000000027
"2013-07-21";202;34.04000000000002;26.480000000000018
"2013-07-22";203;31.25;24.120000000000005
"2013-07-23";204;30.45999999999998;22.12099999999998
"2013-07-24";205;31.110000000000014;22.95999999999998
"2013-07-25";206;29.00999999999999;21.560000000000002
"2013-07-26";207;24.779999999999973;18.00999999999999
"2013-07-27";208;28.079999999999984;18.019999999999982
"2013-07-28";209;29.75;17.519999999999982
"2013-07-29";210;26.689999999999998;18.95999999999998
"2013-07-30";211;30.25;19.639999999999986
"2013-07-31";212;27.75;16.319999999999993
"2013-08-01";213;29.19999999999999;16.329999999999984
"2013-08-02";214;25.831999999999994;19.74000000000001
"2013-08-03";215;30.339999999999975;18.579999999999984
"2013-08-04";216;26.30000000000001;19.910000000000025
"2013-08-05";217;27.529999999999973;17.120000000000005
"2013-08-06";218;25.680000000000007;14.180000000000007
"2013-08-07";219;28.160000000000025;15.259999999999991
"2013-08-08";220;26.579999999999984;19.220000000000027
"2013-08-09";221;27.089999999999975;21.480000000000018
"2013-08-10";222;29.670000000000016;21.94999999999999
"2013-08-11";223;28.389999999999986;20.920000000000016
"2013-08-12";224;27.480000000000018;16.149999999999977
"2013-08-13";225;27.5;20.339999999999975
"2013-08-14";226;25.25999999999999;18.277666667000005
"2013-08-15";227;22.20999999999998;15.199999999999989
"2013-08-16";228;23.94999999999999;12.699999999999989
"2013-08-17";229;25.649999999999977;12.949999999999989
"2013-08-18";230;27.75999999999999;14.449999999999989
"2013-08-19";231;26.0;16.730000000000018
"2013-08-20";232;27.20999999999998;16.819999999999993
"2013-08-21";233;30.50999999999999;17.319999999999993
"2013-08-22";234;31.720000000000027;18.819999999999993
"2013-08-23";235;25.319999999999993;22.374500000000012
"2013-08-24";236;26.939999999999998;20.009500000000003
"2013-08-25";237;25.170000000000016;16.74000000000001
"2013-08-26";238;27.439999999999998;15.370000000000005
"2013-08-27";239;27.970000000000027;19.379999999999995
"2013-08-28";240;29.899999999999977;21.660000000000025
"2013-08-29";241;28.05000000000001;20.89100000000002
"2013-08-30";242;26.129999999999995;21.310000000000002
"2013-08-31";243;29.094666667000013;20.930000000000007
"2013-09-01";244;28.48266666699999;24.471000000000004
"2013-09-02";245;28.560000000000002;23.24000000000001
"2013-09-03";246;24.079999999999984;21.656666667000025
"2013-09-04";247;27.180000000000007;19.00200000000001
"2013-09-05";248;25.149999999999977;18.29000000000002
"2013-09-06";249;20.850000000000023;10.779999999999973
"2013-09-07";250;23.411999999999978;9.04000000000002
"2013-09-08";251;26.04000000000002;18.081999999999994
"2013-09-09";252;21.910000000000025;12.519999999999982
"2013-09-10";253;29.74000000000001;19.079999999999984
"2013-09-11";254;33.94999999999999;23.269999999999982
"2013-09-12";255;29.80000000000001;23.189999999999998
"2013-09-13";256;25.863999999999976;18.44999999999999
"2013-09-14";257;18.149999999999977;12.149999999999977
"2013-09-15";258;22.149999999999977;7.529999999999973
"2013-09-16";259;20.350000000000023;13.120000000000005
"2013-09-17";260;18.149999999999977;8.45999999999998
"2013-09-18";261;23.25;6.6200000000000045
"2013-09-19";262;24.05000000000001;7.689999999999998
"2013-09-20";263;25.350000000000023;7.149999999999977
"2013-09-21";264;24.25;10.110000000000014
"2013-09-22";265;21.751750000000015;15.449999999999989
"2013-09-23";266;18.100000000000023;9.560000000000002
"2013-09-24";267;22.389999999999986;6.740000000000009
"2013-09-25";268;21.74000000000001;9.149999999999977
"2013-09-26";269;20.110000000000014;11.129999999999995
"2013-09-27";270;19.25999999999999;11.269999999999982
"2013-09-28";271;23.350000000000023;10.560000000000002
"2013-09-29";272;21.0;9.189999999999998
"2013-09-30";273;21.680000000000007;8.699999999999989
"2013-10-01";274;26.00999999999999;13.269999999999982
"2013-10-02";275;28.350000000000023;15.871500000000026
"2013-10-03";276;25.379999999999995;14.949999999999989
"2013-10-04";277;28.730000000000018;17.029999999999973
"2013-10-05";278;23.850000000000023;18.060000000000002
"2013-10-06";279;20.430000000000007;18.29000000000002
"2013-10-07";280;23.089999999999975;16.889999999999986
"2013-10-08";281;18.17700000000002;10.339999999999975
"2013-10-09";282;16.519999999999982;8.389999999999986
"2013-10-10";283;17.0;11.189999999999998
"2013-10-11";284;19.139999999999986;15.060000000000002
"2013-10-12";285;21.74000000000001;14.980000000000018
"2013-10-13";286;18.092499999999973;13.230000000000018
"2013-10-14";287;18.279999999999973;9.819999999999993
"2013-10-15";288;20.680000000000007;9.449999999999989
"2013-10-16";289;18.79000000000002;11.680000000000007
"2013-10-17";290;22.610000000000014;15.576000000000022
"2013-10-18";291;19.569999999999993;13.870000000000005
"2013-10-19";292;17.410000000000025;7.8700000000000045
"2013-10-20";293;15.0;9.75
"2013-10-21";294;19.25;4.149999999999977
"2013-10-22";295;17.75;6.060000000000002
"2013-10-23";296;15.006500000000017;3.6000000000000227
"2013-10-24";297;10.814000000000021;2.2900000000000205
"2013-10-25";298;11.793000000000006;2.5500000000000114
"2013-10-26";299;12.350000000000023;-0.5199999999999818
"2013-10-27";300;13.427000000000021;8.755999999999972
"2013-10-28";301;15.105000000000018;3.7883333330000255
"2013-10-29";302;12.007000000000005;7.578333332999989
"2013-10-30";303;16.035333332999983;6.638333332999991
"2013-10-31";304;19.694999999999993;8.32633333299998
"2013-11-01";305;20.852666666999994;18.54333333300002
"2013-11-02";306;17.432999999999993;11.746333332999995
"2013-11-03";307;14.656499999999994;7.304333332999988
"2013-11-04";308;6.857500000000016;1.7370000000000232
"2013-11-05";309;12.99333333300001;3.5219999999999914
"2013-11-06";310;16.160000000000025;6.920000000000016
"2013-11-07";311;17.160000000000025;8.970000000000027
"2013-11-08";312;9.480000000000018;4.430000000000007
"2013-11-09";313;9.870000000000005;3.1200000000000045
"2013-11-10";314;15.370000000000005;6.069999999999993
"2013-11-11";315;11.560000000000002;4.360000000000014
"2013-11-12";316;10.930000000000007;1.3000000000000114
"2013-11-13";317;4.019999999999982;-2.430000000000007
"2013-11-14";318;11.470000000000027;-0.6299999999999955
"2013-11-15";319;13.470000000000027;2.180000000000007
"2013-11-16";320;14.29000000000002;2.589999999999975
"2013-11-17";321;16.149999999999977;6.850000000000023
"2013-11-18";322;18.470000000000027;11.793000000000006
"2013-11-19";323;14.95999999999998;5.350000000000023
"2013-11-20";324;7.850000000000023;-1.0500000000000114
"2013-11-21";325;11.350000000000023;-4.389999999999986
"2013-11-22";326;13.350000000000023;7.980000000000018
"2013-11-23";327;12.490000000000009;2.6499999999999773
"2013-11-24";328;3.75;-5.850000000000023
"2013-11-25";329;6.079999999999984;-7.75
"2013-11-26";330;8.139999999999986;0.589999999999975
"2013-11-27";331;15.579999999999984;3.0600000000000023
"2013-11-28";332;8.20999999999998;0.5699999999999932
"2013-11-29";333;8.54000000000002;-0.38999999999998636
"2013-11-30";334;6.579999999999984;-4.910000000000025
"2013-12-01";335;9.110000000000014;1.660000000000025
"2013-12-02";336;9.430000000000007;3.3700000000000045
"2013-12-03";337;11.449999999999989;1.3700000000000045
"2013-12-04";338;10.220000000000027;2.3899999999999864
"2013-12-05";339;13.680000000000007;7.680000000000007
"2013-12-06";340;14.050000000000011;6.25
"2013-12-07";341;7.829999999999984;1.8500000000000227
"2013-12-08";342;8.740000000000009;-1.990000000000009
"2013-12-09";343;10.259999999999991;-1.5400000000000205
"2013-12-10";344;8.560000000000002;-0.040000000000020464
"2013-12-11";345;0.5199999999999818;-3.8999999999999773
"2013-12-12";346;-1.8000000000000114;-5.439999999999998
"2013-12-13";347;11.793000000000006;-7.339999999999975
"2013-12-14";348;-1.3500000000000227;-6.259999999999991
"2013-12-15";349;4.160500000000013;-6.069999999999993
"2013-12-16";350;1.8500000000000227;-4.550000000000011
"2013-12-17";351;-1.910000000000025;-6.470000000000027
"2013-12-18";352;2.5299999999999727;-5.910000000000025
"2013-12-19";353;11.793000000000006;-3.7099999999999795
"2013-12-20";354;9.879999999999995;1.759999999999991
"2013-12-21";355;14.779999999999973;7.089999999999975
"2013-12-22";356;19.870000000000005;11.175000000000011
"2013-12-23";357;17.089999999999975;10.449999999999989
"2013-12-24";358;9.889999999999986;0.5500000000000114
"2013-12-25";359;0.3550000000000182;-7.6299999999999955
"2013-12-26";360;1.8000000000000114;-2.930000000000007
"2013-12-27";361;4.25;-2.4499999999999886
"2013-12-28";362;12.079999999999984;-1.9499999999999886
"2014-12-29";363;7.925000000000011;4.3700000000000045
"2014-12-30";364;6.069999999999993;-1.4300000000000068
"2014-12-31";365;-0.7699999999999818;-6.607500000000016
"2014-01-01";1;0.3199999999999932;-5.410000000000025
"2014-01-02";2;11.793000000000006;-5.319999999999993
"2014-01-03";3;-5.485000000000014;-11.79000000000002
"2014-01-04";4;-3.75;-14.670000000000016
"2014-01-05";5;1.1299999999999955;-9.019999999999982
"2014-01-06";6;12.259999999999991;1.4599999999999795
"2014-01-07";7;1.5500000000000114;-15.759999999999991
"2014-01-08";8;-5.899999999999977;-13.310000000000002
"2014-01-09";9;0.040000000000020464;-7.199999999999989
"2014-01-10";10;1.3500000000000227;-4.180000000000007
"2014-01-11";11;13.70999999999998;0.9300000000000068
"2014-01-12";12;12.634999999999991;4.910000000000025
"2014-01-13";13;9.720000000000027;-1.1299999999999955
"2014-01-14";14;8.410000000000025;3.9399999999999977
"2014-01-15";15;11.793000000000006;0.44999999999998863
"2014-01-16";16;4.25;2.7975000000000136
"2014-01-17";17;11.793000000000006;2.232655651000016
"2014-01-18";18;11.793000000000006;11.793000000000006
"2014-01-19";19;11.793000000000006;-4.310000000000002
"2014-01-20";20;6.860000000000014;1.1299999999999955
"2014-01-21";21;4.514999999999986;-10.170000000000016
"2014-01-22";22;-8.560000000000002;-14.870000000000005
"2014-01-23";23;-6.6200000000000045;-14.569999999999993
"2014-01-24";24;-6.8799999999999955;-12.899999999999977
"2014-01-25";25;-3.2799999999999727;-9.420000000000016
"2014-01-26";26;-4.470000000000027;-9.079999999999984
"2014-01-27";27;5.230000000000018;-5.240000000000009
"2014-01-28";28;-3.269999999999982;-11.129999999999995
"2014-01-29";29;-5.199999999999989;-10.759999999999991
"2014-01-30";30;-2.0600000000000023;-11.860000000000014
"2014-01-31";31;3.769999999999982;-7.720000000000027
"2014-02-01";32;6.860000000000014;-1.3799999999999955
"2014-02-02";33;11.329999999999984;-1.0199999999999818
"2014-02-03";34;7.050000000000011;-1.0
"2014-02-04";35;1.3500000000000227;-7.610000000000014
"2014-02-05";36;0.7900000000000205;-1.8999999999999773
"2014-02-06";37;0.18000000000000682;-6.350000000000023
"2014-02-07";38;0.3299999999999841;-6.259999999999991
"2014-02-08";39;-1.7900000000000205;-7.990000000000009
"2014-02-09";40;-1.4599999999999795;-8.420000000000016
"2014-02-10";41;-1.9399999999999977;-6.889999999999986
"2014-02-11";42;-3.7099999999999795;-11.079999999999984
"2014-02-12";43;-4.170000000000016;-12.949999999999989
"2014-02-13";44;0.7900000000000205;-6.009999999999991
"2014-02-14";45;4.2900000000000205;-0.75
"2014-02-15";46;2.319999999999993;-1.8100000000000023
"2014-02-16";47;-0.4399999999999977;-6.529999999999973
"2014-02-17";48;-0.2400000000000091;-8.569999999999993
"2014-02-18";49;3.730000000000018;-6.2099999999999795
"2014-02-19";50;5.170000000000016;-4.6299999999999955
"2014-02-20";51;8.79000000000002;-1.2300000000000182
"2014-02-21";52;6.639999999999986;2.3600000000000136
"2014-02-22";53;11.639999999999986;-0.14999999999997726
"2014-02-23";54;11.470000000000027;-1.0400000000000205
"2014-02-24";55;7.670000000000016;0.18000000000000682
"2014-02-25";56;0.19999999999998863;-5.6200000000000045
"2014-02-26";57;-1.1499999999999773;-5.7900000000000205
"2014-02-27";58;-0.8899999999999864;-11.220000000000027
"2014-02-28";59;-3.7099999999999795;-12.970000000000027
"2014-03-01";60;2.25;-10.720000000000027
"2014-03-02";61;4.2099999999999795;-0.2699999999999818
"2014-03-03";62;2.019999999999982;-7.1200000000000045
"2014-03-04";63;-1.9499999999999886;-12.009999999999991
"2014-03-05";64;2.509999999999991;-4.444500000000005
"2014-03-06";65;-0.5299999999999727;-9.899999999999977
"2014-03-07";66;2.730000000000018;-4.6200000000000045
"2014-03-08";67;12.509999999999991;0.2599999999999909
"2014-03-09";68;9.029999999999973;2.1299999999999955
"2014-03-10";69;9.769999999999982;2.3000000000000114
"2014-03-11";70;17.870000000000005;3.7799999999999727
"2014-03-12";71;11.79000000000002;5.300000000000011
"2014-03-13";72;9.779999999999973;-7.579999999999984
"2014-03-14";73;7.199999999999989;-6.439999999999998
"2014-03-15";74;14.0;4.220000000000027
"2014-03-16";75;11.019999999999982;-1.1100000000000136
"2014-03-17";76;0.39999999999997726;-5.310000000000002
"2014-03-18";77;5.25;-4.560000000000002
"2014-03-19";78;5.480000000000018;-1.8500000000000227
"2014-03-20";79;11.410000000000025;3.9399999999999977
"2014-03-21";80;10.449999999999989;2.910000000000025
"2014-03-22";81;17.05000000000001;0.7699999999999818
"2014-03-23";82;12.970000000000027;2.329999999999984
"2014-03-24";83;1.240000000000009;-6.529999999999973
"2014-03-25";84;3.5;-6.319999999999993
"2014-03-26";85;1.4499999999999886;-1.170000000000016
"2014-03-27";86;6.100000000000023;-6.259999999999991
"2014-03-28";87;12.879999999999995;1.839999999999975
"2014-03-29";88;11.910000000000025;6.759999999999991
"2014-03-30";89;7.639999999999986;6.0400000000000205
"2014-03-31";90;12.069999999999993;2.2200000000000273
"2014-04-01";91;15.050000000000011;1.579999999999984
"2014-04-02";92;11.720000000000027;3.3799999999999955
"2014-04-03";93;17.70999999999998;4.910000000000025
"2014-04-04";94;12.660000000000025;4.430000000000007
"2014-04-05";95;11.829999999999984;4.180000000000007
"2014-04-06";96;15.350000000000023;1.0199999999999818
"2014-04-07";97;10.430000000000007;2.6499999999999773
"2014-04-08";98;17.920000000000016;7.0400000000000205
"2014-04-09";99;15.589999999999975;5.069999999999993
"2014-04-10";100;16.060000000000002;1.240000000000009
"2014-04-11";101;22.5;10.259999999999991
"2014-04-12";102;21.69999999999999;8.420000000000016
"2014-04-13";103;25.220000000000027;8.839999999999975
"2014-04-14";104;24.149999999999977;15.660000000000025
"2014-04-15";105;19.379999999999995;7.720000000000027
"2014-04-16";106;8.230000000000018;-0.8799999999999955
"2014-04-17";107;8.449999999999989;0.8899999999999864
"2014-04-18";108;9.230000000000018;1.160000000000025
"2014-04-19";109;18.95999999999998;3.4599999999999795
"2014-04-20";110;15.420000000000016;7.019999999999982
"2014-04-21";111;19.129999999999995;1.4300000000000068
"2014-04-22";112;21.730000000000018;7.490000000000009
"2014-04-23";113;16.600000000000023;9.670000000000016
"2014-04-24";114;16.149999999999977;5.199999999999989
"2014-04-25";115;16.269999999999982;4.319999999999993
"2014-04-26";116;18.45999999999998;7.6299999999999955
"2014-04-27";117;13.889999999999986;7.019999999999982
"2014-04-28";118;17.850000000000023;5.300000000000011
"2014-04-29";119;14.70999999999998;8.050000000000011
"2014-04-30";120;11.317000000000007;6.1854999999999905
"2014-05-01";121;18.268333332999987;10.73599999999999
"2014-05-02";122;16.811333332999993;12.007666667000024
"2014-05-03";123;17.507666667000024;9.194999999999993
"2014-05-04";124;17.189999999999998;12.139999999999986
"2014-05-05";125;20.0;9.740000000000009
"2014-05-06";126;20.069999999999993;9.649999999999977
"2014-05-07";127;20.079999999999984;8.279999999999973
"2014-05-08";128;15.170000000000016;11.149999999999977
"2014-05-09";129;16.00999999999999;12.699999999999989
"2014-05-10";130;26.620000000000005;14.550000000000011
"2014-05-11";131;26.930000000000007;14.839999999999975
"2014-05-12";132;30.05000000000001;13.899999999999977
"2014-05-13";133;24.879999999999995;16.370000000000005
"2014-05-14";134;19.75999999999999;10.70999999999998
"2014-05-15";135;21.019999999999982;14.910000000000025
"2014-05-16";136;20.00999999999999;17.860000000000014
"2014-05-17";137;20.310000000000002;11.350000000000023
"2014-05-18";138;18.279999999999973;9.04000000000002
"2014-05-19";139;21.519999999999982;8.089999999999975
"2014-05-20";140;25.529999999999973;11.389999999999986
"2014-05-21";141;23.25999999999999;17.230000000000018
"2014-05-22";142;21.939999999999998;16.670000000000016
"2014-05-23";143;19.94999999999999;15.110000000000014
"2014-05-24";144;20.100000000000023;14.180000000000007
"2014-05-25";145;26.670000000000016;11.740000000000009
"2014-05-26";146;30.24000000000001;15.160000000000025
"2014-05-27";147;29.779999999999973;18.519999999999982
"2014-05-28";148;25.930000000000007;13.660000000000025
"2014-05-29";149;18.019999999999982;10.759999999999991
"2014-05-30";150;24.0;11.810000000000002
"2014-05-31";151;21.779999999999973;12.930000000000007
"2014-06-01";152;24.629999999999995;10.300000000000011
"2014-06-02";153;27.329999999999984;12.879999999999995
"2014-06-03";154;30.0;17.639999999999986
"2014-06-04";155;27.389999999999986;17.410000000000025
"2014-06-05";156;24.45999999999998;16.44999999999999
"2014-06-06";157;24.180000000000007;15.730000000000018
"2014-06-07";158;27.769999999999982;14.45999999999998
"2014-06-08";159;29.370000000000005;15.920000000000016
"2014-06-09";160;24.620000000000005;17.220000000000027
"2014-06-10";161;24.95999999999998;18.089999999999975
"2014-06-11";162;24.19999999999999;17.120000000000005
"2014-06-12";163;20.680000000000007;15.45999999999998
"2014-06-13";164;25.970000000000027;18.410000000000025
"2014-06-14";165;23.360000000000014;18.629999999999995
"2014-06-15";166;26.730000000000018;14.480000000000018
"2014-06-16";167;27.439999999999998;15.610000000000014
"2014-06-17";168;31.819999999999993;20.120000000000005
"2014-06-18";169;31.639999999999986;25.939999999999998
"2014-06-19";170;30.04000000000002;20.189999999999998
"2014-06-20";171;26.730000000000018;15.980000000000018
"2014-06-21";172;24.610000000000014;15.720000000000027
"2014-06-22";173;25.54000000000002;15.779999999999973
"2014-06-23";174;27.629999999999995;15.529999999999973
"2014-06-24";175;27.689999999999998;18.019999999999982
"2014-06-25";176;29.379999999999995;20.339999999999975
"2014-06-26";177;29.480000000000018;21.24000000000001
"2014-06-27";178;28.060000000000002;20.339999999999975
"2014-06-28";179;30.579999999999984;18.160000000000025
"2014-06-29";180;28.30000000000001;18.519999999999982
"2014-06-30";181;29.319999999999993;19.100000000000023
"2014-07-01";182;32.389999999999986;21.899999999999977
"2014-07-02";183;33.420000000000016;23.769999999999982
"2014-07-03";184;31.560000000000002;22.730000000000018
"2014-07-04";185;26.879999999999995;19.19999999999999
"2014-07-05";186;28.149999999999977;17.350000000000023
"2014-07-06";187;30.100000000000023;17.029999999999973
"2014-07-07";188;33.139999999999986;22.339999999999975
"2014-07-08";189;33.81999999999999;22.730000000000018
"2014-07-09";190;31.350000000000023;21.920000000000016
"2014-07-10";191;28.350000000000023;18.149999999999977
"2014-07-11";192;28.75999999999999;20.930000000000007
"2014-07-12";193;29.75999999999999;19.75
"2014-07-13";194;28.769999999999982;21.939999999999998
"2014-07-14";195;29.160000000000025;22.54000000000002
"2014-07-15";196;28.720000000000027;23.55000000000001
"2014-07-16";197;27.50999999999999;20.25999999999999
"2014-07-17";198;26.620000000000005;17.629999999999995
"2014-07-18";199;27.20999999999998;16.339999999999975
"2014-07-19";200;24.779999999999973;18.470000000000027
"2014-07-20";201;25.339999999999975;18.70999999999998
"2014-07-21";202;28.69999999999999;16.720000000000027
"2014-07-22";203;30.45999999999998;18.939999999999998
"2014-07-23";204;31.819999999999993;21.54000000000002
"2014-07-24";205;28.920000000000016;21.99000000000001
"2014-07-25";206;27.870000000000005;17.980000000000018
"2014-07-26";207;26.74000000000001;18.939999999999998
"2014-07-27";208;30.410000000000025;21.129999999999995
"2014-07-28";209;27.889999999999986;20.519999999999982
"2014-07-29";210;23.870000000000005;16.230000000000018
"2014-07-30";211;25.94999999999999;14.779999999999973
"2014-07-31";212;27.79000000000002;15.579999999999984
"2014-08-01";213;27.769999999999982;19.170000000000016
"2014-08-02";214;24.471000000000004;18.189999999999998
"2014-08-03";215;24.069999999999993;18.310000000000002
"2014-08-04";216;28.5;20.129999999999995
"2014-08-05";217;30.829999999999984;18.730000000000018
"2014-08-06";218;27.95999999999998;19.629999999999995
"2014-08-07";219;27.769999999999982;16.04000000000002
"2014-08-08";220;27.363333333000014;14.920000000000016
"2014-08-09";221;28.589999999999975;15.310000000000002
"2014-08-10";222;29.69999999999999;16.139999999999986
"2014-08-11";223;29.247000000000014;17.189999999999998
"2014-08-12";224;25.730000000000018;20.54000000000002
"2014-08-13";225;27.480000000000018;20.480000000000018
"2014-08-14";226;24.610000000000014;16.05000000000001
"2014-08-15";227;24.149999999999977;13.0
"2014-08-16";228;25.47399999999999;14.069999999999993
"2014-08-17";229;27.50999999999999;16.110000000000014
"2014-08-18";230;27.24000000000001;15.398000000000025
"2014-08-19";231;27.230000000000018;15.850000000000023
"2014-08-20";232;27.879999999999995;18.930000000000007
"2014-08-21";233;26.5;18.920000000000016
"2014-08-22";234;23.20999999999998;18.79000000000002
"2014-08-23";235;22.329999999999984;17.930000000000007
"2014-08-24";236;25.829999999999984;14.95999999999998
"2014-08-25";237;28.970000000000027;14.79000000000002
"2014-08-26";238;29.560000000000002;17.899999999999977
"2014-08-27";239;31.360000000000014;18.220000000000027
"2014-08-28";240;26.339999999999975;19.370000000000005
"2014-08-29";241;25.230000000000018;13.54000000000002
"2014-08-30";242;24.610000000000014;14.199999999999989
"2014-08-31";243;30.519999999999982;21.689999999999998
"2014-09-01";244;30.19999999999999;22.45999999999998
"2014-09-02";245;32.06;22.439999999999998
"2014-09-03";246;28.910000000000025;20.480000000000018
"2014-09-04";247;29.470000000000027;16.769999999999982
"2014-09-05";248;28.579999999999984;20.019999999999982
"2014-09-06";249;31.120000000000005;23.0
"2014-09-07";250;25.720000000000027;17.20999999999998
"2014-09-08";251;23.610000000000014;14.629999999999995
"2014-09-09";252;22.220000000000027;16.019999999999982
"2014-09-10";253;24.379999999999995;16.44999999999999
"2014-09-11";254;27.220000000000027;19.04000000000002
"2014-09-12";255;24.19999999999999;15.389999999999986
"2014-09-13";256;18.79000000000002;13.910000000000025
"2014-09-14";257;20.389999999999986;10.060000000000002
"2014-09-15";258;21.279999999999973;9.410000000000025
"2014-09-16";259;20.079999999999984;13.350000000000023
"2014-09-17";260;21.560000000000002;10.060000000000002
"2014-09-18";261;23.230000000000018;9.949999999999989
"2014-09-19";262;18.689999999999998;11.329999999999984
"2014-09-20";263;23.029999999999973;12.75
"2014-09-21";264;24.100000000000023;18.279999999999973
"2014-09-22";265;21.569999999999993;16.079999999999984
"2014-09-23";266;21.839999999999975;7.970000000000027
"2014-09-24";267;21.69999999999999;11.189999999999998
"2014-09-25";268;19.149999999999977;14.350000000000023
"2014-09-26";269;25.139999999999986;11.480000000000018
"2014-09-27";270;28.139999999999986;12.170000000000016
"2014-09-28";271;28.649999999999977;13.439999999999998
"2014-09-29";272;24.899999999999977;16.089999999999975
"2014-09-30";273;21.529999999999973;17.149999999999977
"2014-10-01";274;18.470000000000027;15.899999999999977
"2014-10-02";275;20.19999999999999;15.70999999999998
"2014-10-03";276;21.089999999999975;13.769999999999982
"2014-10-04";277;19.939999999999998;16.089999999999975
"2014-10-05";278;16.189999999999998;5.639999999999986
"2014-10-06";279;21.019999999999982;5.899999999999977
"2014-10-07";280;22.120000000000005;16.329999999999984
"2014-10-08";281;22.189999999999998;16.44999999999999
"2014-10-09";282;19.480000000000018;9.259999999999991
"2014-10-10";283;17.600000000000023;7.439999999999998
"2014-10-11";284;14.20999999999998;10.699999999999989
"2014-10-12";285;17.069999999999993;5.170000000000016
"2014-10-13";286;17.660000000000025;8.139999999999986
"2014-10-14";287;24.54000000000002;15.990000000000009
"2014-10-15";288;24.30000000000001;21.129999999999995
"2014-10-16";289;21.95999999999998;18.810000000000002
"2014-10-17";290;21.810000000000002;14.259999999999991
"2014-10-18";291;20.120000000000005;12.769999999999982
"2014-10-19";292;15.839999999999975;9.220000000000027
"2014-10-20";293;15.490000000000009;2.75
"2014-10-21";294;18.05000000000001;10.230000000000018
"2014-10-22";295;13.930000000000007;11.699999999999989
"2014-10-23";296;11.819999999999993;10.639999999999986
"2014-10-24";297;19.180000000000007;10.519999999999982
"2014-10-25";298;19.819999999999993;7.110000000000014
"2014-10-26";299;16.860000000000014;11.04000000000002
"2014-10-27";300;17.670000000000016;8.199999999999989
"2014-10-28";301;22.189999999999998;7.649999999999977
"2014-10-29";302;21.029999999999973;11.509999999999991
"2014-10-30";303;13.680000000000007;6.509999999999991
"2014-10-31";304;11.629999999999995;3.180000000000007
"2014-11-01";305;11.360000000000014;7.170000000000016
"2014-11-02";306;8.910000000000025;5.649999999999977
"2014-11-03";307;16.129999999999995;3.8799999999999955
"2014-11-04";308;20.589999999999975;10.399999999999977
"2014-11-05";309;17.50999999999999;11.610000000000014
"2014-11-06";310;13.120000000000005;8.60577407300002
"2014-11-07";311;10.939999999999998;7.600000000000023
"2014-11-08";312;6.987000000000023;0.9200000000000159
"2014-11-09";313;13.509999999999991;6.368670497999972
"2014-11-10";314;15.95999999999998;2.069999999999993
"2014-11-11";315;17.819999999999993;4.689999999999998
"2014-11-12";316;18.25999999999999;12.199999999999989
"2014-11-13";317;11.953173875999994;0.7699999999999818
"2014-11-14";318;5.350000000000023;1.2799999999999727
"2014-11-15";319;5.2900000000000205;-3.312000000000012
"2014-11-16";320;5.759999999999991;-2.7900000000000205
"2014-11-17";321;10.816632921000007;3.490000000000009
"2014-11-18";322;8.899999999999977;-2.716927075000001
"2014-11-19";323;-0.060000000000002274;-6.079999999999984
"2014-11-20";324;7.170000000000016;-2.230000000000018
"2014-11-21";325;4.122731532999978;-3.089999999999975
"2014-11-22";326;5.800000000000011;-5.589999999999975
"2014-11-23";327;13.600000000000023;5.139999999999986
"2014-11-24";328;20.79000000000002;7.490000000000009
"2014-11-25";329;18.307627609999997;8.379999999999995
"2014-11-26";330;8.335213674999977;1.240000000000009
"2014-11-27";331;3.452352356999995;1.6299999999999955
"2014-11-28";332;1.9700000000000273;-2.1000000000000227
"2014-11-29";333;1.3761895729999765;-5.300000000000011
"2014-11-30";334;9.166082335999988;1.1000000000000227
"2014-12-01";335;16.600000000000023;6.779999999999973
"2014-12-02";336;6.269999999999982;1.160000000000025
"2014-12-03";337;7.670000000000016;3.3899999999999864
"2014-12-04";338;7.029999999999973;0.07999999999998408
"2014-12-05";339;7.178466936000007;-0.9700000000000273
"2014-12-06";340;7.449999999999989;4.1299999999999955
"2014-12-07";341;6.819999999999993;2.1200000000000045
"2014-12-08";342;1.0400000000000205;-4.75
"2014-12-09";343;5.670000000000016;-0.3100000000000023
"2014-12-10";344;5.550000000000011;0.5500000000000114
"2014-12-11";345;2.329999999999984;-0.339999999999975
"2014-12-12";346;2.7200000000000273;-0.060000000000002274
"2014-12-13";347;6.100000000000023;1.5699999999999932
"2014-12-14";348;7.449999999999989;2.5472297630000185
"2014-12-15";349;8.819999999999993;0.22000000000002728
"2014-12-16";350;8.279999999999973;0.2400000000000091
"2014-12-17";351;11.120000000000005;6.079999999999984
"2014-12-18";352;7.519999999999982;2.589999999999975
"2014-12-19";353;3.3600000000000136;0.8600000000000136
"2014-12-20";354;0.45999999999997954;-0.9700000000000273
"2014-12-21";355;2.089999999999975;-0.5199999999999818
"2014-12-22";356;5.528265999999974;1.3799999999999955
"2014-12-23";357;8.069999999999993;5.889862870999991
"2014-12-24";358;10.512;7.360000000000014
"2014-12-25";359;15.660000000000025;8.829999999999984
"2014-12-26";360;8.379999999999995;1.6000000000000227
"2014-12-27";361;8.60766666699999;1.7336666670000227
"2015-12-28";362;10.27600000000001;3.1499999999999773
"2015-12-29";363;8.149999999999977;0.5769999999999982
"2015-12-30";364;1.1860947829999873;-5.071000000000026
"2015-12-31";365;-1.6379999999999768;-7.5330000000000155
"2015-01-01";1;-0.05900000000002592;-6.550999999999988
"2015-01-02";2;3.927000000000021;-1.204999999999984
"2015-01-03";3;2.8743333329999814;-6.697999999999979
"2015-01-04";4;11.335912181000026;1.8500000000000227
"2015-01-05";5;10.350000000000023;-2.0500000000000114
"2015-01-06";6;-2.6499999999999773;-7.75
"2015-01-07";7;-4.7309999999999945;-11.649999999999977
"2015-01-08";8;-6.050000000000011;-13.75
"2015-01-09";9;-0.765666667000005;-9.526999999999987
"2015-01-10";10;-5.499000000000024;-11.716999999999985
"2015-01-11";11;-1.242999999999995;-15.675999999999988
"2015-01-12";12;3.0319999999999823;-6.369000000000028
"2015-01-13";13;1.322999999999979;-9.120000000000005
"2015-01-14";14;-4.024999999999977;-10.341000000000008
"2015-01-15";15;-1.387333333000015;-12.081999999999994
"2015-01-16";16;1.09699999999998;-6.586000000000013
"2015-01-17";17;-3.869000000000028;-13.259999999999991
"2015-01-18";18;3.230000000000018;-7.788000000000011
"2015-01-19";19;3.1286666670000045;-1.632000000000005
"2015-01-20";20;2.2649999999999864;-5.463000000000022
"2015-01-21";21;-1.865000000000009;-11.057000000000016
"2015-01-22";22;1.975529473999984;-4.6440000000000055
"2015-01-23";23;1.1590200190000246;-10.538999999999987
"2015-01-24";24;2.2939999999999827;-3.0640000000000214
"2015-01-25";25;3.423000000000002;-4.964999999999975
"2015-01-26";26;-2.7031045190000214;-6.6059999999999945
"2015-01-27";27;-1.6033333330000232;-5.447000000000003
"2015-01-28";28;-2.641999999999996;-9.536000000000001
"2015-01-29";29;-3.2321265580000045;-17.80000000000001
"2015-01-30";30;0.4970000000000141;-4.771000000000015
"2015-01-31";31;-4.255999999999972;-9.091999999999985
"2015-02-01";32;-0.7060000000000173;-12.196000000000026
"2015-02-02";33;4.5260000000000105;-5.060000000000002
"2015-02-03";34;-1.8443333330000087;-9.444999999999993
"2015-02-04";35;2.1850000000000023;-13.841000000000008
"2015-02-05";36;-0.5110000000000241;-8.663999999999987
"2015-02-06";37;-5.312999999999988;-15.057999999999993
"2015-02-07";38;-1.3559999999999945;-13.132000000000005
"2015-02-08";39;3.533999999999992;-6.161000000000001
"2015-02-09";40;1.8129999999999882;-0.19799999999997908
"2015-02-10";41;1.410000000000025;-2.048000000000002
"2015-02-11";42;-1.1449999999999818;-7.51400000000001
"2015-02-12";43;2.2029999999999745;-10.021000000000015
"2015-02-13";44;-3.1580000000000155;-12.699999999999989
"2015-02-14";45;-3.069999999999993;-17.708
"2015-02-15";46;-6.675999999999988;-10.725999999999999
"2015-02-16";47;-6.817000000000007;-14.925000000000011
"2015-02-17";48;-6.01400000000001;-13.005999999999972
"2015-02-18";49;-2.9049999999999727;-18.567000000000007
"2015-02-19";50;-8.007999999999981;-13.245000000000005
"2015-02-20";51;-9.13900000000001;-17.227000000000004
"2015-02-21";52;-3.451999999999998;-22.226
"2015-02-22";53;6.4739999999999895;-3.451999999999998
"2015-02-23";54;2.233000000000004;-10.411000000000001
"2015-02-24";55;-7.512999999999977;-20.34899999999999
"2015-02-25";56;-1.0389999999999873;-14.766999999999996
"2015-02-26";57;-4.868574738999996;-11.930000000000007
"2015-02-27";58;-4.410000000000025;-9.538999999999987
"2015-02-28";59;-4.529999999999973;-16.93900000000002
"2015-03-01";60;-3.6329999999999814;-17.028999999999996
"2015-03-02";61;0.5910000000000082;-4.581999999999994
"2015-03-03";62;-1.771000000000015;-14.12299999999999
"2015-03-04";63;6.8799999999999955;-1.771000000000015
"2015-03-05";64;5.099976766999987;-6.389999999999986
"2015-03-06";65;-3.2099999999999795;-12.439999999999998
"2015-03-07";66;2.5500000000000114;-10.720000000000027
"2015-03-08";67;7.9599999999999795;-1.390746163000017
"2015-03-09";68;11.45999999999998;-2.646706365
"2015-03-10";69;6.64766666700001;-3.384999999999991
"2015-03-11";70;10.297000000000025;3.6999999999999886
"2015-03-12";71;6.802999999999997;0.9420000000000073
"2015-03-13";72;3.1610000000000014;-3.141999999999996
"2015-03-14";73;7.157666667000001;1.802000000000021
"2015-03-15";74;6.8729999999999905;2.6733333330000164
"2015-03-16";75;8.387666667000019;0.09800000000001319
"2015-03-17";76;10.013666666999995;4.707666667000012
"2015-03-18";77;4.735000000000014;-1.0273333330000014
"2015-03-19";78;4.115333333000024;-2.379666666999981
"2015-03-20";79;1.627999999999986;-3.008333332999996
"2015-03-21";80;3.1990000000000123;-1.3923333330000105
"2015-03-22";81;3.2283333330000232;-1.1716666670000109
"2015-03-23";82;2.4243333329999928;-4.610666666999975
"2015-03-24";83;3.1796666669999922;-3.921666667000011
"2015-03-25";84;5.226333333000014;-3.788000000000011
"2015-03-26";85;12.619000000000028;2.495666667000023
"2015-03-27";86;12.213666666999984;3.6146666669999945
"2015-03-28";87;5.143500000000017;-0.15499999999997272
"2015-03-29";88;7.360000000000014;-2.73066666699998
"2015-03-30";89;9.781000000000006;-1.0710000000000264
"2015-03-31";90;8.551666667000006;2.7836666669999772
"2015-04-01";91;7.528666666999982;-0.7893333330000019
"2015-04-02";92;12.918999999999983;-0.035666666999986774
"2015-04-03";93;17.79666666700001;11.230333332999976
"2015-04-04";94;13.101499999999987;6.822000000000003
"2015-04-05";95;11.763666666999995;3.6316666669999904
"2015-04-06";96;14.693666667000002;4.17366666700002
"2015-04-07";97;15.422333332999983;10.424333332999993
"2015-04-08";98;10.538000000000011;4.665333332999978
"2015-04-09";99;7.605000000000018;3.200333333000003
"2015-04-10";100;14.521333332999973;4.7463333329999955
"2015-04-11";101;13.909333333000006;8.880666667000014
"2015-04-12";102;13.488999999999976;4.356333333000009
"2015-04-13";103;16.285333332999983;5.215666666999994
"2015-04-14";104;15.68566666700002;13.533999999999992
"2015-04-15";105;15.62299999999999;8.728333333000023
"2015-04-16";106;14.306500000000028;8.02600000000001
"2015-04-17";107;18.699666666999974;10.308333333000007
"2015-04-18";108;21.847666667;9.251666666999995
"2015-04-19";109;19.732000000000028;10.346666667000022
"2015-04-20";110;14.101666667000018;7.857000000000028
"2015-04-21";111;15.420000000000016;10.699000000000012
"2015-04-22";112;18.259000000000015;4.418999999999983
"2015-04-23";113;9.0;5.343000000000018
"2015-04-24";114;8.625999999999976;1.8029999999999973
"2015-04-25";115;13.786999999999978;0.7029999999999745
"2015-04-26";116;15.447999999999979;3.84699999999998
"2015-04-27";117;14.509999999999991;4.946000000000026
"2015-04-28";118;18.774;9.129000000000019
"2015-04-29";119;22.903999999999996;10.302000000000021
"2015-04-30";120;20.413999999999987;8.920999999999992
"2015-05-01";121;17.829999999999984;7.255999999999972
"2015-05-02";122;21.240999999999985;5.343000000000018
"2015-05-03";123;24.87700000000001;6.867000000000019
"2015-05-04";124;28.310000000000002;10.038999999999987
"2015-05-05";125;28.40300000000002;20.08699999999999
"2015-05-06";126;25.07299999999998;15.317000000000007
"2015-05-07";127;26.80200000000002;12.190999999999974
"2015-05-08";128;29.264999999999986;12.119000000000028
"2015-05-09";129;24.932999999999993;12.507000000000005
"2015-05-10";130;27.968999999999994;15.34491046300002
"2015-05-11";131;28.043999999999983;20.113
"2015-05-12";132;28.363;18.995000000000005
"2015-05-13";133;24.04309839299998;15.907869055999981
"2015-05-14";134;20.798000000000002;11.201999999999998
"2015-05-15";135;22.201999999999998;8.91500000000002
"2015-05-16";136;28.73399999999998;13.574000000000012
"2015-05-17";137;27.113999999999976;15.146000000000015
"2015-05-18";138;24.964999999999975;17.776999999999987
"2015-05-19";139;23.73599999999999;13.737000000000023
"2015-05-20";140;19.954000000000008;12.692000000000007
"2015-05-21";141;16.25;9.057000000000016
"2015-05-22";142;20.740149180999992;6.129000000000019
"2015-05-23";143;18.533000000000015;5.295999999999992
"2015-05-24";144;24.904999999999973;7.665999999999997
"2015-05-25";145;26.49963119099999;12.944000000000017
"2015-05-26";146;27.413999999999987;19.164333333000002
"2015-05-27";147;27.946000000000026;19.276999999999987
"2015-05-28";148;28.019000000000005;19.668000000000006
"2015-05-29";149;25.012;16.899
"2015-05-30";150;26.898000000000025;15.389999999999986
"2015-05-31";151;27.160000000000025;19.934000000000026
"2015-06-01";152;19.360000000000014;12.980000000000018
"2015-06-02";153;12.660000000000025;9.79000000000002
"2015-06-03";154;18.687999999999988;11.300000000000011
"2015-06-04";155;18.302999999999997;9.187999999999988
"2015-06-05";156;20.922000000000025;12.343999999999994
"2015-06-06";157;23.221000000000004;12.475999999999999
"2015-06-07";158;21.774;12.262
"2015-06-08";159;25.970000000000027;15.120000000000005
"2015-06-09";160;27.129999999999995;19.29000000000002
"2015-06-10";161;27.069999999999993;15.810000000000002
"2015-06-11";162;30.406999999999982;20.019999999999982
"2015-06-12";163;30.11500000000001;19.841999999999985
"2015-06-13";164;27.88900000000001;24.142999999999972
"2015-06-14";165;28.250999999999976;17.55000000000001
"2015-06-15";166;25.930000000000007;19.74000000000001
"2015-06-16";167;24.779999999999973;18.589999999999975
"2015-06-17";168;25.519999999999982;18.850000000000023
"2015-06-18";169;22.40300000000002;17.680000000000007
"2015-06-19";170;25.90100000000001;18.59899999999999
"2015-06-20";171;23.057000000000016;18.206000000000017
"2015-06-21";172;26.343000000000018;20.372000000000014
"2015-06-22";173;28.30000000000001;20.177999999999997
"2015-06-23";174;33.62700000000001;20.858000000000004
"2015-06-24";175;27.471000000000004;18.240999999999985
"2015-06-25";176;27.319999999999993;15.649999999999977
"2015-06-26";177;25.660000000000025;19.569999999999993
"2015-06-27";178;23.899999999999977;16.20999999999998
"2015-06-28";179;21.560000000000002;15.079999999999984
"2015-06-29";180;24.519999999999982;16.19999999999999
"2015-06-30";181;27.129999999999995;17.29000000000002
"2015-07-01";182;27.74000000000001;20.350000000000023
"2015-07-02";183;26.160000000000025;17.779999999999973
"2015-07-03";184;26.769999999999982;17.029999999999973
"2015-07-04";185;23.889999999999986;19.470000000000027
"2015-07-05";186;27.920000000000016;17.519999999999982
"2015-07-06";187;27.920000000000016;19.0
"2015-07-07";188;29.649999999999977;22.810000000000002
"2015-07-08";189;29.079999999999984;23.370000000000005
"2015-07-09";190;25.620000000000005;19.910000000000025
"2015-07-10";191;28.100000000000023;20.910000000000025
"2015-07-11";192;29.310000000000002;18.360000000000014
"2015-07-12";193;30.100000000000023;18.819999999999993
"2015-07-13";194;29.20999999999998;20.720000000000027
"2015-07-14";195;25.94999999999999;20.079999999999984
"2015-07-15";196;26.25;22.720000000000027
"2015-07-16";197;25.70999999999998;16.629999999999995
"2015-07-17";198;26.579999999999984;16.25
"2015-07-18";199;29.110000000000014;22.160000000000025
"2015-07-19";200;33.45999999999998;22.779999999999973
"2015-07-20";201;33.410000000000025;25.54000000000002
"2015-07-21";202;31.110000000000014;23.75
"2015-07-22";203;27.99000000000001;17.99000000000001
"2015-07-23";204;27.870000000000005;16.839999999999975
"2015-07-24";205;28.529999999999973;17.939999999999998
"2015-07-25";206;29.279999999999973;17.120000000000005
"2015-07-26";207;30.50999999999999;20.600000000000023
"2015-07-27";208;29.079999999999984;22.060000000000002
"2015-07-28";209;32.79000000000002;21.230000000000018
"2015-07-29";210;33.68000000000001;22.180000000000007
"2015-07-30";211;30.25999999999999;24.5
"2015-07-31";212;31.160000000000025;20.439999999999998
"2015-08-01";213;31.04000000000002;20.95999999999998
"2015-08-02";214;30.319999999999993;18.44999999999999
"2015-08-03";215;31.839999999999975;20.310000000000002
"2015-08-04";216;31.75;20.70999999999998
"2015-08-05";217;30.089999999999975;18.269999999999982
"2015-08-06";218;27.410000000000025;16.720000000000027
"2015-08-07";219;27.720000000000027;18.189999999999998
"2015-08-08";220;27.220000000000027;17.019999999999982
"2015-08-09";221;28.360000000000014;17.889999999999986
"2015-08-10";222;26.730000000000018;19.29000000000002
"2015-08-11";223;25.899999999999977;21.360000000000014
"2015-08-12";224;28.70999999999998;18.970000000000027
"2015-08-13";225;27.779999999999973;17.44999999999999
"2015-08-14";226;30.279999999999973;15.879999999999995
"2015-08-15";227;32.5;19.310000000000002
"2015-08-16";228;32.10000000000002;21.5
"2015-08-17";229;33.079999999999984;21.649999999999977
"2015-08-18";230;31.779999999999973;23.160000000000025
"2015-08-19";231;29.569999999999993;22.720000000000027
"2015-08-20";232;29.19999999999999;23.480000000000018
"2015-08-21";233;28.95999999999998;21.5
"2015-08-22";234;27.519999999999982;18.50999999999999
"2015-08-23";235;27.45999999999998;17.55000000000001
"2015-08-24";236;29.170000000000016;19.639999999999986
"2015-08-25";237;30.430000000000007;22.689999999999998
"2015-08-26";238;27.19999999999999;16.410000000000025
"2015-08-27";239;25.569999999999993;16.420000000000016
"2015-08-28";240;26.05000000000001;14.79000000000002
"2015-08-29";241;28.379999999999995;15.480000000000018
"2015-08-30";242;30.410000000000025;18.769999999999982
"2015-08-31";243;32.23000000000002;22.310000000000002
"2015-09-01";244;30.389999999999986;21.680000000000007
"2015-09-02";245;31.55000000000001;19.930000000000007
"2015-09-03";246;32.44;20.74000000000001
"2015-09-04";247;28.399999999999977;22.420000000000016
"2015-09-05";248;27.0;18.629999999999995
"2015-09-06";249;29.05000000000001;14.75
"2015-09-07";250;31.839999999999975;17.410000000000025
"2015-09-08";251;34.22000000000003;21.379999999999995
"2015-09-09";252;31.629999999999995;22.269999999999982
"2015-09-10";253;27.120000000000005;22.05000000000001
"2015-09-11";254;26.360000000000014;18.470000000000027
"2015-09-12";255;24.870000000000005;17.350000000000023
"2015-09-13";256;24.660000000000025;19.230000000000018
"2015-09-14";257;23.54000000000002;13.339999999999975
"2015-09-15";258;27.70999999999998;13.569999999999993
"2015-09-16";259;29.269999999999982;14.930000000000007
"2015-09-17";260;29.720000000000027;15.769999999999982
"2015-09-18";261;28.620000000000005;16.529999999999973
"2015-09-19";262;27.069999999999993;17.079999999999984
"2015-09-20";263;24.70999999999998;20.05000000000001
"2015-09-21";264;21.30000000000001;13.769999999999982
"2015-09-22";265;20.839999999999975;15.509999999999991
"2015-09-23";266;24.80000000000001;13.439999999999998
"2015-09-24";267;26.30000000000001;12.730000000000018
"2015-09-25";268;22.629999999999995;15.70999999999998
"2015-09-26";269;20.589999999999975;14.649999999999977
"2015-09-27";270;20.660000000000025;11.70999999999998
"2015-09-28";271;25.060000000000002;17.110000000000014
"2015-09-29";272;26.779999999999973;20.24000000000001
"2015-09-30";273;24.389999999999986;19.779999999999973
"2015-10-01";274;18.980000000000018;12.160000000000025
"2015-10-02";275;13.560000000000002;9.329999999999984
"2015-10-03";276;11.45999999999998;8.629999999999995
"2015-10-04";277;17.019999999999982;11.300000000000011
"2015-10-05";278;17.810000000000002;10.29000000000002
"2015-10-06";279;21.889999999999986;8.860000000000014
"2015-10-07";280;21.680000000000007;12.480000000000018
"2015-10-08";281;20.24000000000001;12.29000000000002
"2015-10-09";282;23.79000000000002;14.180000000000007
"2015-10-10";283;18.360000000000014;9.769999999999982
"2015-10-11";284;20.189999999999998;7.050000000000011
"2015-10-12";285;23.75;9.29000000000002
"2015-10-13";286;20.839999999999975;13.129999999999995
"2015-10-14";287;18.910000000000025;12.29000000000002
"2015-10-15";288;17.44999999999999;7.449999999999989
"2015-10-16";289;16.660000000000025;10.339999999999975
"2015-10-17";290;12.149999999999977;6.269999999999982
"2015-10-18";291;8.569999999999993;0.36000000000001364
"2015-10-19";292;11.139999999999986;-1.5199999999999818
"2015-10-20";293;21.129999999999995;7.319999999999993
"2015-10-21";294;23.5;9.899999999999977
"2015-10-22";295;22.680000000000007;10.089999999999975
"2015-10-23";296;20.660000000000025;10.769999999999982
"2015-10-24";297;13.230000000000018;2.4599999999999795
"2015-10-25";298;18.889999999999986;11.990000000000009
"2015-10-26";299;14.769999999999982;4.3700000000000045
"2015-10-27";300;14.156811634000007;3.6000000000000227
"2015-10-28";301;18.129999999999995;9.220000000000027
"2015-10-29";302;21.060000000000002;16.810000000000002
"2015-10-30";303;16.33502426199999;8.389999999999986
"2015-10-31";304;12.230000000000018;2.4499999999999886
"2015-11-01";305;17.839999999999975;8.220000000000027
"2015-11-02";306;17.399999999999977;8.75
"2015-11-03";307;23.069999999999993;5.829999999999984
"2015-11-04";308;20.689999999999998;8.829999999999984
"2015-11-05";309;21.399999999999977;11.759999999999991
"2015-11-06";310;22.899999999999977;17.615888402999985
"2015-11-07";311;20.899999999999977;13.899999999999977
"2015-11-08";312;13.870000000000005;6.810000000000002
"2015-11-09";313;15.149999999999977;1.9700000000000273
"2015-11-10";314;13.874655022000013;10.310000000000002
"2015-11-11";315;14.920000000000016;10.310000000000002
"2015-11-12";316;14.899999999999977;10.899999999999977
"2015-11-13";317;14.829212095000003;10.649999999999977
"2015-11-14";318;10.49517079200001;6.730000000000018
"2015-11-15";319;14.560000000000002;1.759999999999991
"2015-11-16";320;18.139999999999986;5.75
"2015-11-17";321;14.144953187999988;3.730000000000018
"2015-11-18";322;14.162224568;3.0400000000000205
"2015-11-19";323;16.810000000000002;13.332766106999998
"2015-11-20";324;16.980000000000018;9.632909090999988
"2015-11-21";325;9.980000000000018;2.3000000000000114
"2015-11-22";326;10.560000000000002;7.139999999999986
"2015-11-23";327;8.399999999999977;0.9800000000000182
"2015-11-24";328;7.810000000000002;-3.240000000000009
"2015-11-25";329;9.310000000000002;-1.009999999999991
"2015-11-26";330;15.399999999999977;0.839999999999975
"2015-11-27";331;17.980000000000018;5.050000000000011
"2015-11-28";332;15.509999999999991;8.879999999999995
"2015-11-29";333;8.970000000000027;3.240000000000009
"2015-11-30";334;7.401156646000004;0.060000000000002274
"2015-12-01";335;10.190008264000028;5.149999999999977
"2015-12-02";336;11.649999999999977;7.399999999999977
"2015-12-03";337;12.399999999999977;7.230000000000018
"2015-12-04";338;10.730000000000018;5.149999999999977
"2015-12-05";339;10.899999999999977;-0.18999999999999773
"2015-12-06";340;11.730000000000018;-0.9399999999999977
"2015-12-07";341;12.730000000000018;0.8299999999999841
"2015-12-08";342;8.689999999999998;3.5299999999999727
"2015-12-09";343;10.730000000000018;1.079999999999984
"2015-12-10";344;15.480000000000018;8.300000000000011
"2015-12-11";345;15.310000000000002;5.519999999999982
"2015-12-12";346;17.370000000000005;8.600000000000023
"2015-12-13";347;18.829999999999984;10.730000000000018
"2015-12-14";348;16.480000000000018;11.319999999999993
"2015-12-15";349;18.0;13.019633277000025
"2015-12-16";350;12.730000000000018;5.990000000000009
"2015-12-17";351;13.560000000000002;8.480000000000018
"2015-12-18";352;13.230000000000018;5.578347810000025
"2015-12-19";353;4.839999999999975;1.1100000000000136
"2015-12-20";354;6.1299999999999955;0.8299999999999841
"2015-12-21";355;10.740000000000009;0.8199999999999932
"2015-12-22";356;15.160000000000025;10.240000000000009
"2015-12-23";357;14.543462507000015;8.318766571000026
"2015-12-24";358;20.839999999999975;13.65221836400002
"2015-12-25";359;16.79000000000002;11.279999999999973
"2015-12-26";360;14.779999999999973;9.587062095000022
"2016-12-27";361;15.759999999999991;4.230000000000018
"2016-12-28";362;14.803685439999981;1.759999999999991
"2016-12-29";363;8.144075726999972;-2.2799999999999727
"2016-12-30";364;6.649999999999977;0.6100000000000136
"2016-12-31";365;8.45999999999998;-1.6299999999999955
"2016-01-01";1;6.5400000000000205;2.8999999999999773
"2016-01-02";2;4.149999999999977;-0.18000000000000682
"2016-01-03";3;6.949999999999989;-0.6100000000000136
"2016-01-04";4;3.632267954999975;-5.7900000000000205
"2016-01-05";5;-2.0299999999999727;-12.110000000000014
"2016-01-06";6;4.819999999999993;-8.45999999999998
"2016-01-07";7;7.079999999999984;-4.810000000000002
"2016-01-08";8;6.430000000000007;-1.1429119449999803
"2016-01-09";9;7.821618657999977;3.8000000000000114
"2016-01-10";10;15.75;7.160000000000025
"2016-01-11";11;11.79000000000002;-1.3816652439999757
"2016-01-12";12;5.600000000000023;-6.399999999999977
"2016-01-13";13;1.1899999999999977;-5.610000000000014
"2016-01-14";14;2.5500000000000114;-5.680000000000007
"2016-01-15";15;9.089999999999975;-1.0500000000000114
"2016-01-16";16;10.170000000000016;5.160000000000025
"2016-01-17";17;7.349087865999991;-1.1999999999999886
"2016-01-18";18;-1.270231334000016;-5.7099999999999795
"2016-01-19";19;-1.920000000000016;-8.70999999999998
"2016-01-20";20;2.25;-3.0500000000000114
"2016-01-21";21;2.0;-3.6731475409999916
"2016-01-22";22;-0.9304773239999804;-7.399999999999977
"2016-01-23";23;-1.5743333330000269;-4.170000000000016
"2016-01-24";24;1.3999999999999773;-6.560000000000002
"2016-01-25";25;2.6299999999999955;-8.520453425000028
"2016-01-26";26;7.8700000000000045;-3.1899999999999977
"2016-01-27";27;6.779999999999973;3.8000000000000114
"2016-01-28";28;5.100000000000023;-5.925819671999989
"2016-01-29";29;4.279999999999973;-2.1200000000000045
"2016-01-30";30;3.910000000000025;-3.592159734000006
"2016-01-31";31;12.339999999999975;0.6499999999999773
"2016-02-01";32;13.779999999999973;3.329999999999984
"2016-02-02";33;9.449999999999989;-0.12000000000000455
"2016-02-03";34;13.360000000000014;1.990000000000009
"2016-02-04";35;13.35763250399998;8.899999999999977
"2016-02-05";36;8.5736488;0.12999999999999545
"2016-02-06";37;4.160000000000025;-4.600000000000023
"2016-02-07";38;7.339999999999975;-2.8700000000000045
"2016-02-08";39;3.7099999999999795;0.36000000000001364
"2016-02-09";40;1.1899999999999977;-2.8100000000000023
"2016-02-10";41;3.1899999999999977;-1.3228420849999907
"2016-02-11";42;1.3558093369999824;-5.529999999999973
"2016-02-12";43;-3.680000000000007;-10.204880342000024
"2016-02-13";44;-4.862587908000023;-11.279999999999973
"2016-02-14";45;-8.879999999999995;-17.930000000000007
"2016-02-15";46;-3.3999999999999773;-13.211112676000027
"2016-02-16";47;12.550000000000011;-2.9797339899999997
"2016-02-17";48;8.279999999999973;2.374025295000024
"2016-02-18";49;2.670000000000016;-2.6200000000000045
"2016-02-19";50;2.170000000000016;-6.740000000000009
"2016-02-20";51;16.620000000000005;1.8999999999999773
"2016-02-21";52;12.550000000000011;4.639999999999986
"2016-02-22";53;10.5;1.089999999999975
"2016-02-23";54;5.3799999999999955;0.8700000000000045
"2016-02-24";55;12.879999999999995;1.839999999999975
"2016-02-25";56;16.00999999999999;4.279999999999973
"2016-02-26";57;4.178542046000018;-0.2599999999999909
"2016-02-27";58;4.980000000000018;-4.2900000000000205
"2016-02-28";59;16.060000000000002;2.0500000000000114
"2016-02-29";60;15.180000000000007;3.7200000000000273
"2016-03-01";61;11.528550419999988;3.7799999999999727
"2016-03-02";62;11.089999999999975;2.8796890240000153
"2016-03-03";63;1.8799999999999955;-3.740000000000009
"2016-03-04";64;3.1299999999999955;-2.180000000000007
"2016-03-05";65;3.7799999999999727;-3.286857521999991
"2016-03-06";66;6.6200000000000045;-1.990000000000009
"2016-03-07";67;16.160000000000025;-0.6299999999999955
"2016-03-08";68;18.50999999999999;5.149999999999977
"2016-03-09";69;24.519999999999982;3.930000000000007
"2016-03-10";70;24.930000000000007;14.810000000000002
"2016-03-11";71;22.592710280000006;13.009075472000006
"2016-03-12";72;14.649999999999977;2.3799999999999955
"2016-03-13";73;16.129999999999995;7.949999999999989
"2016-03-14";74;13.672469498999988;5.3700000000000045
"2016-03-15";75;13.509999999999991;5.917054500000006
"2016-03-16";76;17.319999999999993;6.3700000000000045
"2016-03-17";77;15.870000000000005;7.100000000000023
"2016-03-18";78;13.310000000000002;5.699999999999989
"2016-03-19";79;10.366885964999994;0.4399999999999977
"2016-03-20";80;6.490000000000009;-0.20999999999997954
"2016-03-21";81;9.079999999999984;-0.39999999999997726
"2016-03-22";82;12.600000000000023;0.4331878450000204
"2016-03-23";83;20.69999999999999;7.3700000000000045
"2016-03-24";84;15.610000000000014;5.720000000000027
"2016-03-25";85;20.589999999999975;7.547953145999998
"2016-03-26";86;16.846825308000007;2.339999999999975
"2016-03-27";87;11.779999999999973;4.5677257300000065
"2016-03-28";88;16.00999999999999;5.509999999999991
"2016-03-29";89;13.337903472999983;6.1299999999999955
"2016-03-30";90;12.439999999999998;0.11000000000001364
"2016-03-31";91;20.579999999999984;7.060000000000002
"2016-04-01";92;24.980000000000018;16.670000000000016
"2016-04-02";93;19.149999999999977;9.509999999999991
"2016-04-03";94;11.70999999999998;1.1100000000000136
"2016-04-04";95;6.320607155999994;2.019999999999982
"2016-04-05";96;5.389999999999986;-3.930000000000007
"2016-04-06";97;8.350000000000023;-3.3700000000000045
"2016-04-07";98;14.259999999999991;7.0
"2016-04-08";99;13.120000000000005;6.149999999999977
"2016-04-09";100;7.2099999999999795;-0.7099999999999795
"2016-04-10";101;8.860000000000014;-0.6000000000000227
"2016-04-11";102;16.05000000000001;5.887910111999986
"2016-04-12";103;14.129999999999995;7.600000000000023
"2016-04-13";104;12.949999999999989;2.0299999999999727
"2016-04-14";105;15.069999999999993;3.4399999999999977
"2016-04-15";106;17.069999999999993;3.1200000000000045
"2016-04-16";107;18.25999999999999;5.230000000000018
"2016-04-17";108;22.149999999999977;4.589999999999975
"2016-04-18";109;25.839999999999975;7.100000000000023
"2016-04-19";110;20.879999999999995;12.25
"2016-04-20";111;19.69999999999999;7.579999999999984
"2016-04-21";112;19.05000000000001;5.889999999999986
"2016-04-22";113;25.54000000000002;15.25
"2016-04-23";114;22.44999999999999;16.05000000000001
"2016-04-24";115;19.439999999999998;7.2099999999999795
"2016-04-25";116;19.600000000000023;8.490000000000009
"2016-04-26";117;16.80850809399999;10.850000000000023
"2016-04-27";118;15.279999999999973;7.080168370000024
"2016-04-28";119;13.649999999999977;7.439999999999998
"2016-04-29";120;13.180000000000007;8.470000000000027
"2016-04-30";121;16.060000000000002;7.600000000000023
"2016-05-01";122;13.269999999999982;8.449999999999989
"2016-05-02";123;15.529999999999973;7.25
"2016-05-03";124;14.79000000000002;11.269999999999982
"2016-05-04";125;11.259999999999991;9.410000000000025
"2016-05-05";126;13.490000000000009;8.089999999999975
"2016-05-06";127;12.889999999999986;9.199999999999989
"2016-05-07";128;13.980000000000018;9.199999999999989
"2016-05-08";129;18.389999999999986;8.649999999999977
"2016-05-09";130;22.19999999999999;7.769999999999982
"2016-05-10";131;19.519999999999982;7.949999999999989
"2016-05-11";132;23.560000000000002;8.149999999999977
"2016-05-12";133;24.50999999999999;10.610000000000014
"2016-05-13";134;21.45999999999998;12.910000000000025
"2016-05-14";135;21.850000000000023;12.019999999999982
"2016-05-15";136;15.870000000000005;8.529999999999973
"2016-05-16";137;18.870000000000005;4.449999999999989
"2016-05-17";138;18.74000000000001;10.930000000000007
"2016-05-18";139;19.110000000000014;10.220000000000027
"2016-05-19";140;20.70999999999998;11.79000000000002
"2016-05-20";141;23.680000000000007;9.509999999999991
"2016-05-21";142;20.519999999999982;10.639999999999986
"2016-05-22";143;20.49000000000001;11.519999999999982
"2016-05-23";144;23.670000000000016;11.430000000000007
"2016-05-24";145;22.79000000000002;14.29000000000002
"2016-05-25";146;31.279999999999973;13.04000000000002
"2016-05-26";147;31.420000000000016;17.279999999999973
"2016-05-27";148;29.470000000000027;19.399999999999977
"2016-05-28";149;31.99000000000001;20.670000000000016
"2016-05-29";150;29.75999999999999;20.19999999999999
"2016-05-30";151;26.720000000000027;19.95999999999998
"2016-05-31";152;28.339999999999975;20.170000000000016
"2016-06-01";153;27.629999999999995;17.560000000000002
"2016-06-02";154;23.720000000000027;15.629999999999995
"2016-06-03";155;20.589999999999975;17.079999999999984
"2016-06-04";156;27.360000000000014;18.610000000000014
"2016-06-05";157;23.329999999999984;18.389999999999986
"2016-06-06";158;28.569999999999993;18.620000000000005
"2016-06-07";159;28.269999999999982;19.69999999999999
"2016-06-08";160;23.0;12.5
"2016-06-09";161;22.180000000000007;11.939999999999998
"2016-06-10";162;25.410000000000025;12.100000000000023
"2016-06-11";163;30.29000000000002;12.180000000000007
"2016-06-12";164;29.379999999999995;22.19999999999999
"2016-06-13";165;23.180000000000007;13.980000000000018
"2016-06-14";166;26.399999999999977;14.399999999999977
"2016-06-15";167;28.839999999999975;14.579999999999984
"2016-06-16";168;23.80000000000001;18.920000000000016
"2016-06-17";169;23.930000000000007;17.149999999999977
"2016-06-18";170;28.319999999999993;13.639999999999986
"2016-06-19";171;28.720000000000027;17.75999999999999
"2016-06-20";172;27.689999999999998;17.060000000000002
"2016-06-21";173;30.100000000000023;22.350000000000023
"2016-06-22";174;29.610000000000014;17.230000000000018
"2016-06-23";175;26.889999999999986;18.100000000000023
"2016-06-24";176;27.519999999999982;18.310000000000002
"2016-06-25";177;28.139999999999986;16.470000000000027
"2016-06-26";178;28.730000000000018;16.730000000000018
"2016-06-27";179;28.230000000000018;17.230000000000018
"2016-06-28";180;23.860000000000014;21.100000000000023
"2016-06-29";181;27.899999999999977;19.689999999999998
"2016-06-30";182;28.69999999999999;17.660000000000025
"2016-07-01";183;26.620000000000005;18.910000000000025
"2016-07-02";184;24.80000000000001;18.329999999999984
"2016-07-03";185;26.139999999999986;16.170000000000016
"2016-07-04";186;27.95999999999998;16.980000000000018
"2016-07-05";187;30.74000000000001;20.79000000000002
"2016-07-06";188;32.639999999999986;22.139999999999986
"2016-07-07";189;31.610000000000014;23.089999999999975
"2016-07-08";190;29.230000000000018;22.680000000000007
"2016-07-09";191;22.579999999999984;18.839999999999975
"2016-07-10";192;26.80000000000001;19.420000000000016
"2016-07-11";193;26.730000000000018;17.45999999999998
"2016-07-12";194;28.089999999999975;17.529999999999973
"2016-07-13";195;27.970000000000027;20.269999999999982
"2016-07-14";196;26.75400000000002;21.771000000000015
"2016-07-15";197;29.331999999999994;21.899
"2016-07-16";198;28.331000000000017;20.863999999999976
"2016-07-17";199;27.750999999999976;19.882000000000005
"2016-07-18";200;30.391999999999996;18.769000000000005
"2016-07-19";201;26.387999999999977;26.387999999999977
"2016-07-20";202;29.370000000000005;26.387999999999977
"2016-07-21";203;30.889999999999986;19.069999999999993
"2016-07-22";204;34.19999999999999;22.360000000000014
"2016-07-23";205;35.370000000000005;24.889999999999986
"2016-07-24";206;33.75999999999999;21.269999999999982
"2016-07-25";207;32.47000000000003;24.29000000000002
"2016-07-26";208;32.39999999999998;21.730000000000018
"2016-07-27";209;32.02999999999997;21.620000000000005
"2016-07-28";210;32.910000000000025;22.129999999999995
"2016-07-29";211;28.889999999999986;21.49000000000001
"2016-07-30";212;28.129999999999995;21.79000000000002
"2016-07-31";213;25.649999999999977;23.170000000000016
"2016-08-01";214;25.310000000000002;21.100000000000023
"2016-08-02";215;24.360000000000014;21.060000000000002
"2016-08-03";216;26.139999999999986;17.45999999999998
"2016-08-04";217;27.20999999999998;17.430000000000007
"2016-08-05";218;27.889999999999986;18.779999999999973
"2016-08-06";219;31.430000000000007;22.660000000000025
"2016-08-07";220;30.839999999999975;20.560000000000002
"2016-08-08";221;28.649999999999977;19.870000000000005
"2016-08-09";222;30.088000000000022;19.339999999999975
"2016-08-10";223;30.5;22.543999999999983
"2016-08-11";224;33.75999999999999;25.45999999999998
"2016-08-12";225;34.20999999999998;23.439999999999998
"2016-08-13";226;35.22000000000003;26.019999999999982
"2016-08-14";227;35.110000000000014;26.089999999999975
"2016-08-15";228;31.930000000000007;24.370000000000005
"2016-08-16";229;31.0;24.410000000000025
"2016-08-17";230;29.810000000000002;24.569999999999993
"2016-08-18";231;28.850000000000023;22.439999999999998
"2016-08-19";232;30.0;22.379999999999995
"2016-08-20";233;28.970000000000027;21.680000000000007
"2016-08-21";234;29.810000000000002;23.089999999999975
"2016-08-22";235;25.99000000000001;19.639999999999986
"2016-08-23";236;27.060000000000002;14.490000000000009
"2016-08-24";237;29.629999999999995;17.269999999999982
"2016-08-25";238;28.819999999999993;19.069999999999993
"2016-08-26";239;32.49000000000001;23.129999999999995
"2016-08-27";240;30.189999999999998;20.20999999999998
"2016-08-28";241;29.80000000000001;19.470000000000027
"2016-08-29";242;31.730000000000018;21.920000000000016
"2016-08-30";243;28.480000000000018;18.75999999999999
"2016-08-31";244;29.529999999999973;22.079999999999984
"2016-09-01";245;26.370000000000005;20.978666667000027
"2016-09-02";246;26.439999999999998;17.589999999999975
"2016-09-03";247;23.850000000000023;18.110000000000014
"2016-09-04";248;26.410000000000025;16.170000000000016
"2016-09-05";249;28.25999999999999;16.819999999999993
"2016-09-06";250;27.060000000000002;22.660000000000025
"2016-09-07";251;28.980000000000018;21.560000000000002
"2016-09-08";252;30.870000000000005;20.319999999999993
"2016-09-09";253;32.04000000000002;26.329999999999984
"2016-09-10";254;31.129999999999995;23.829999999999984
"2016-09-11";255;28.399999999999977;24.860000000000014
"2016-09-12";256;25.04000000000002;13.350000000000023
"2016-09-13";257;27.100000000000023;14.889999999999986
"2016-09-14";258;31.389999999999986;19.04000000000002
"2016-09-15";259;23.519999999999982;15.319999999999993
"2016-09-16";260;22.680000000000007;12.699999999999989
"2016-09-17";261;25.079999999999984;12.129999999999995
"2016-09-18";262;27.639999999999986;19.680000000000007
"2016-09-19";263;25.55000000000001;21.430000000000007
"2016-09-20";264;26.79000000000002;19.420000000000016
"2016-09-21";265;27.350000000000023;17.579999999999984
"2016-09-22";266;28.410000000000025;14.879999999999995
"2016-09-23";267;29.689999999999998;13.060000000000002
"2016-09-24";268;24.420000000000016;14.910000000000025
"2016-09-25";269;20.269999999999982;10.649999999999977
"2016-09-26";270;21.75;9.649999999999977
"2016-09-27";271;23.360000000000014;18.00999999999999
"2016-09-28";272;19.970000000000027;13.45999999999998
"2016-09-29";273;17.99000000000001;14.220000000000027
"2016-09-30";274;16.910000000000025;14.110000000000014
"2016-10-01";275;16.45999999999998;13.220000000000027
"2016-10-02";276;17.30000000000001;13.420000000000016
"2016-10-03";277;21.720000000000027;15.75
"2016-10-04";278;19.879999999999995;15.810000000000002
"2016-10-05";279;18.923999999999978;13.245999999999981
"2016-10-06";280;21.293999999999983;10.038999999999987
"2016-10-07";281;22.064999999999998;10.666999999999973
"2016-10-08";282;21.38900000000001;12.863
"2016-10-09";283;19.119000000000028;13.516999999999996
"2016-10-10";284;15.062999999999988;11.014999999999986
"2016-10-11";285;17.208000000000027;8.007000000000005
"2016-10-12";286;19.379999999999995;9.074000000000012
"2016-10-13";287;21.184000000000026;10.127999999999986
"2016-10-14";288;18.245000000000005;10.338999999999999
"2016-10-15";289;17.925999999999988;6.552999999999997
"2016-10-16";290;21.622000000000014;10.740999999999985
"2016-10-17";291;23.723000000000013;15.113999999999976
"2016-10-18";292;24.834000000000003;16.714999999999975
"2016-10-19";293;25.92700000000002;19.100000000000023
"2016-10-20";294;24.170999999999992;19.45999999999998
"2016-10-21";295;20.761000000000024;19.13900000000001
"2016-10-22";296;19.53800000000001;8.293999999999983
"2016-10-23";297;14.855999999999995;8.293999999999983
"2016-10-24";298;14.560000000000002;10.242999999999995
"2016-10-25";299;11.336000000000013;8.386000000000024
"2016-10-26";300;9.074999999999989;4.250999999999976
"2016-10-27";301;12.437000000000012;4.399000000000001
"2016-10-28";302;15.021999999999991;6.845000000000027
"2016-10-29";303;16.11099999999999;4.624000000000024
"2016-10-30";304;20.374000000000024;13.048999999999978
"2016-10-31";305;13.048999999999978;5.677000000000021
"2016-11-01";306;14.600000000000023;4.293999999999983
"2016-11-02";307;21.769999999999982;10.139999999999986
"2016-11-03";308;22.529999999999973;12.20999999999998
"2016-11-04";309;17.639999999999986;9.680000000000007
"2016-11-05";310;16.680000000000007;3.7799999999999727
"2016-11-06";311;14.360000000000014;9.069999999999993
"2016-11-07";312;12.529999999999973;1.490000000000009
"2016-11-08";313;20.149999999999977;2.0
"2016-11-09";314;13.129999999999995;8.0
"2016-11-10";315;13.649999999999977;3.759999999999991
"2016-11-11";316;16.529999999999973;8.519999999999982
"2016-11-12";317;10.300000000000011;1.420000000000016
"2016-11-13";318;16.529999999999973;1.339999999999975
"2016-11-14";319;16.899999999999977;1.4800000000000182
"2016-11-15";320;12.060000000000002;8.339999999999975
"2016-11-16";321;16.379999999999995;5.3700000000000045
"2016-11-17";322;16.420000000000016;6.899999999999977
"2016-11-18";323;18.899999999999977;3.6299999999999955
"2016-11-19";324;16.819999999999993;4.1299999999999955
"2016-11-20";325;12.810000000000002;2.3799999999999955
"2016-11-21";326;4.529999999999973;2.1399999999999864
"2016-11-22";327;5.069999999999993;2.5299999999999727
"2016-11-23";328;7.449999999999989;0.6800000000000068
"2016-11-24";329;7.850000000000023;2.819999999999993
"2016-11-25";330;11.529999999999973;5.670000000000016
"2016-11-26";331;9.839999999999975;4.3700000000000045
"2016-11-27";332;9.610000000000014;1.2900000000000205
"2016-11-28";333;11.149999999999977;-0.2699999999999818
"2016-11-29";334;14.819999999999993;6.2099999999999795
"2016-11-30";335;14.810000000000002;9.839999999999975
"2016-12-01";336;12.310000000000002;8.980000000000018
"2016-12-02";337;10.389999999999986;3.0600000000000023
"2016-12-03";338;8.480000000000018;5.139999999999986
"2016-12-04";339;7.839999999999975;2.3000000000000114
"2016-12-05";340;9.069999999999993;2.079999999999984
"2016-12-06";341;7.310000000000002;-0.29000000000002046
"2016-12-07";342;7.600000000000023;3.5
"2016-12-08";343;6.149999999999977;0.6100000000000136
"2016-12-09";344;3.6499999999999773;-0.5199999999999818
"2016-12-10";345;1.4599999999999795;-4.220000000000027
"2016-12-11";346;0.7699999999999818;-4.220000000000027
"2016-12-12";347;6.529999999999973;-1.2900000000000205
"2016-12-13";348;5.529999999999973;-0.7900000000000205
"2016-12-14";349;5.4599999999999795;0.160000000000025
"2016-12-15";350;1.8999999999999773;-6.389999999999986
"2016-12-16";351;-3.240000000000009;-9.160000000000025
"2016-12-17";352;1.6100000000000136;-4.7099999999999795
"2016-12-18";353;12.920000000000016;1.6100000000000136
"2016-12-19";354;4.149999999999977;-5.100000000000023
"2016-12-20";355;0.14999999999997726;-9.70999999999998
"2016-12-21";356;4.230000000000018;-5.0
"2016-12-22";357;9.149999999999977;-0.5500000000000114
"2016-12-23";358;7.920000000000016;0.29000000000002046
"2016-12-24";359;7.3799999999999955;2.930000000000007
"2016-12-25";360;10.149999999999977;2.2900000000000205
"2016-12-26";361;4.759999999999991;-1.3199999999999932
"2017-01-01";1;8.610000000000014;4.300000000000011
"2017-01-02";2;4.230000000000018;-0.2799999999999727
"2017-01-03";3;6.300000000000011;3.230000000000018
"2017-01-04";4;10.680000000000007;4.910000000000025
"2017-01-05";5;6.769999999999982;-3.5500000000000114
"2017-01-06";6;0.06999999999999318;-2.7799999999999727
"2017-01-07";7;-1.4700000000000273;-6.6200000000000045
"2017-01-08";8;-4.310000000000002;-9.649999999999977
"2017-01-09";9;-5.5400000000000205;-12.5
"2017-01-10";10;1.3700000000000045;-10.699999999999989
"2017-01-11";11;10.839999999999975;1.6499999999999773
"2017-01-12";12;17.29000000000002;5.829999999999984
"2017-01-13";13;16.439999999999998;3.839999999999975
"2017-01-14";14;2.920000000000016;-2.6399999999999864
"2017-01-15";15;3.5;-3.930000000000007
"2017-01-16";16;5.829999999999984;-5.149999999999977
"2017-01-17";17;3.9499999999999886;2.990000000000009
"2017-01-18";18;5.149999999999977;2.990000000000009
"2017-01-19";19;8.139999999999986;1.6899999999999977
"2017-01-20";20;6.360000000000014;3.069999999999993
"2017-01-21";21;8.930000000000007;4.7900000000000205
"2017-01-22";22;9.079999999999984;6.220000000000027
"2017-01-23";23;8.850000000000023;3.3000000000000114
"2017-01-24";24;6.814000000000021;2.1499999999999773
"2017-01-25";25;9.230000000000018;2.1639999999999873
"2017-01-26";26;10.970000000000027;5.0
"2017-01-27";27;6.889999999999986;4.399999999999977
"2017-01-28";28;4.139999999999986;0.9800000000000182
"2017-01-29";29;5.889999999999986;-0.44999999999998863
"2017-01-30";30;3.1499999999999773;-1.7699999999999818
"2017-01-31";31;0.37999999999999545;-4.360000000000014
"2017-02-01";32;7.730000000000018;-1.8600000000000136
"2017-02-02";33;6.139999999999986;-1.0199999999999818
"2017-02-03";34;2.819999999999993;-4.519999999999982
"2017-02-04";35;1.2200000000000273;-6.779999999999973
"2017-02-05";36;4.529999999999973;-2.5600000000000023
"2017-02-06";37;9.0;1.8100000000000023
"2017-02-07";38;5.389999999999986;1.1499999999999773
"2017-02-08";39;16.060000000000002;2.829999999999984
"2017-02-09";40;8.730000000000018;-4.019999999999982
"2017-02-10";41;-0.4300000000000068;-7.759999999999991
"2017-02-11";42;8.480000000000018;-2.519999999999982
"2017-02-12";43;5.6200000000000045;-0.4300000000000068
"2017-02-13";44;2.9499999999999886;0.5600000000000023
"2017-02-14";45;0.9599999999999795;-5.4529999999999745
"2017-02-15";46;3.4499999999999886;-1.858000000000004
"2017-02-16";47;2.065999999999974;-2.119000000000028
"2017-02-17";48;2.641999999999996;-4.146000000000015
"2017-02-18";49;8.295000000000016;-3.891999999999996
"2017-02-19";50;12.089999999999975;4.810000000000002
"2017-02-20";51;6.891999999999996;2.0219999999999914
"2017-02-21";52;7.889999999999986;-2.3570000000000277
"2017-02-22";53;13.5;5.069999999999993
"2017-02-23";54;18.389999999999986;3.480000000000018
"2017-02-24";55;21.75;9.230000000000018
"2017-02-25";56;19.160000000000025;12.319999999999993
"2017-02-26";57;12.310000000000002;2.3999999999999773
"2017-02-27";58;11.319999999999993;-1.5500000000000114
"2017-02-28";59;15.329999999999984;5.560000000000002
"2017-03-01";60;19.220000000000027;11.310000000000002
"2017-03-02";61;19.139999999999986;5.769999999999982
"2017-03-03";62;4.949999999999989;-1.8799999999999955
"2017-03-04";63;0.7200000000000273;-6.8700000000000045
"2017-03-05";64;2.480000000000018;-10.279999999999973
"2017-03-06";65;6.720000000000027;-6.819999999999993
"2017-03-07";66;11.149999999999977;4.300000000000011
"2017-03-08";67;15.230000000000018;8.470000000000027
"2017-03-09";68;16.20999999999998;10.720000000000027
"2017-03-10";69;12.920000000000016;-0.009999999999990905
"2017-03-11";70;0.5;-8.160000000000025
"2017-03-12";71;-1.3899999999999864;-7.6200000000000045
"2017-03-13";72;1.9800000000000182;-8.029999999999973
"2017-03-14";73;-0.35000000000002274;-2.8600000000000136
"2017-03-15";74;-1.089999999999975;-6.6299999999999955
"2017-03-16";75;4.060000000000002;-4.6200000000000045
"2017-03-17";76;7.740000000000009;-2.2799999999999727
"2017-03-18";77;6.149999999999977;-1.9399999999999977
"2017-03-19";78;8.449999999999989;1.0600000000000023
"2017-03-20";79;10.829999999999984;-1.6999999999999886
"2017-03-21";80;14.680000000000007;4.439999999999998
"2017-03-22";81;12.800000000000011;-0.2300000000000182
"2017-03-23";82;5.759999999999991;-5.939999999999998
"2017-03-24";83;12.370000000000005;-1.5500000000000114
"2017-03-25";84;14.519999999999982;7.670000000000016
"2017-03-26";85;7.939999999999998;3.2200000000000273
"2017-03-27";86;11.720000000000027;3.4599999999999795
"2017-03-28";87;10.579999999999984;6.649999999999977
"2017-03-29";88;14.300000000000011;6.439999999999998
"2017-03-30";89;11.0;1.3600000000000136
"2017-03-31";90;7.689999999999998;3.2200000000000273
"2017-04-01";91;8.54000000000002;2.569999999999993
"2017-04-02";92;16.819999999999993;4.560000000000002
"2017-04-03";93;16.649999999999977;5.240000000000009
"2017-04-04";94;12.399999999999977;8.990000000000009
"2017-04-05";95;16.220000000000027;7.680000000000007
"2017-04-06";96;12.910000000000025;4.829999999999984
"2017-04-07";97;10.160000000000025;7.300000000000011
"2017-04-08";98;13.300000000000011;3.759999999999991
"2017-04-09";99;19.30000000000001;2.1499999999999773
"2017-04-10";100;25.310000000000002;7.149999999999977
"2017-04-11";101;26.899999999999977;11.569999999999993
"2017-04-12";102;23.980000000000018;12.829999999999984
"2017-04-13";103;22.680000000000007;9.60633333300001
"2017-04-14";104;17.810000000000002;6.319999999999993
"2017-04-15";105;17.69999999999999;6.189999999999998
"2017-04-16";106;29.29000000000002;14.470000000000027
"2017-04-17";107;27.060000000000002;17.19999999999999
"2017-04-18";108;19.50999999999999;9.04000000000002
"2017-04-19";109;12.79000000000002;7.2099999999999795
"2017-04-20";110;18.230000000000018;9.610000000000014
"2017-04-21";111;15.720000000000027;9.370000000000005
"2017-04-22";112;12.689999999999998;10.009999999999991
"2017-04-23";113;17.899999999999977;5.899999999999977
"2017-04-24";114;15.329999999999984;6.189999999999998
"2017-04-25";115;13.310000000000002;10.529999999999973
"2017-04-26";116;16.55000000000001;11.920000000000016
"2017-04-27";117;20.920000000000016;14.300000000000011
"2017-04-28";118;28.060000000000002;14.310000000000002
"2017-04-29";119;28.519999999999982;16.980000000000018
"2017-04-30";120;26.30000000000001;12.839999999999975
"2017-05-01";121;22.860000000000014;9.639999999999986
"2017-05-02";122;22.689999999999998;18.649999999999977
"2017-05-03";123;20.529999999999973;14.050000000000011
"2017-05-04";124;16.069999999999993;5.2099999999999795
"2017-05-05";125;15.139999999999986;10.610000000000014
"2017-05-06";126;17.910000000000025;14.990000000000009
"2017-05-07";127;15.069999999999993;9.920000000000016
"2017-05-08";128;13.860000000000014;5.2099999999999795
"2017-05-09";129;15.889999999999986;5.699999999999989
"2017-05-10";130;16.920000000000016;8.529999999999973
"2017-05-11";131;16.0;7.220000000000027
"2017-05-12";132;16.319999999999993;6.930000000000007
"2017-05-13";133;13.240000000000009;8.730000000000018
"2017-05-14";134;18.410000000000025;7.730000000000018
"2017-05-15";135;20.139999999999986;11.600000000000023
"2017-05-16";136;26.069999999999993;12.139999999999986
"2017-05-17";137;32.06;14.029999999999973
"2017-05-18";138;33.610000000000014;21.139999999999986
"2017-05-19";139;32.30000000000001;22.899999999999977
"2017-05-20";140;30.680000000000007;14.920000000000016
"2017-05-21";141;19.389999999999986;9.370000000000005
"2017-05-22";142;16.0;12.610000000000014
"2017-05-23";143;19.99000000000001;13.350000000000023
"2017-05-24";144;20.529999999999973;13.360000000000014
"2017-05-25";145;17.730000000000018;13.220000000000027
"2017-05-26";146;22.920000000000016;13.360000000000014
"2017-05-27";147;22.149999999999977;13.079999999999984
"2017-05-28";148;22.069999999999993;14.069999999999993
"2017-05-29";149;18.149999999999977;13.639999999999986
"2017-05-30";150;15.220000000000027;12.720000000000027
"2017-05-31";151;24.220000000000027;13.990000000000009
"2017-06-01";152;25.860000000000014;14.360000000000014
"2017-06-02";153;24.430000000000007;11.930000000000007
"2017-06-03";154;23.069999999999993;11.860000000000014
"2017-06-04";155;22.620000000000005;10.610000000000014
"2017-06-05";156;20.689999999999998;14.610000000000014
"2017-06-06";157;18.50999999999999;13.069999999999993
"2017-06-07";158;19.44999999999999;11.060000000000002
"2017-06-08";159;20.930000000000007;10.529999999999973
"2017-06-09";160;27.44999999999999;10.370000000000005
"2017-06-10";161;30.060000000000002;15.430000000000007
"2017-06-11";162;32.889999999999986;19.420000000000016
"2017-06-12";163;33.73000000000002;20.379999999999995
"2017-06-13";164;34.72000000000003;21.639999999999986
"2017-06-14";165;32.73000000000002;21.860000000000014
"2017-06-15";166;24.45999999999998;16.579999999999984
"2017-06-16";167;21.54000000000002;16.220000000000027
"2017-06-17";168;22.920000000000016;18.379999999999995
"2017-06-18";169;29.519999999999982;21.230000000000018
"2017-06-19";170;31.139999999999986;21.79000000000002
"2017-06-20";171;28.569999999999993;21.379999999999995
"2017-06-21";172;29.149999999999977;18.100000000000023
"2017-06-22";173;29.139999999999986;16.899999999999977
"2017-06-23";174;28.519999999999982;23.74000000000001
"2017-06-24";175;29.30000000000001;22.069999999999993
"2017-06-25";176;28.310000000000002;17.610000000000014
"2017-06-26";177;26.389999999999986;15.5
"2017-06-27";178;24.560000000000002;15.819999999999993
"2017-06-28";179;26.399999999999977;13.75
"2017-06-29";180;27.899999999999977;17.50999999999999
"2017-06-30";181;31.399999999999977;22.060000000000002
"2017-07-01";182;28.54000000000002;21.610000000000014
"2017-07-02";183;31.30000000000001;21.839999999999975
"2017-07-03";184;30.610000000000014;20.220000000000027
"2017-07-04";185;28.910000000000025;19.920000000000016
"2017-07-05";186;28.230000000000018;19.20999999999998
"2017-07-06";187;25.310000000000002;20.069999999999993
"2017-07-07";188;27.720000000000027;20.319999999999993
"2017-07-08";189;28.579999999999984;19.810000000000002
"2017-07-09";190;27.560000000000002;17.439999999999998
"2017-07-10";191;28.680000000000007;17.44999999999999
"2017-07-11";192;29.139999999999986;22.0
"2017-07-12";193;31.069999999999993;23.29000000000002
"2017-07-13";194;32.06999999999999;24.430000000000007
"2017-07-14";195;25.00999999999999;18.569999999999993
"2017-07-15";196;28.20999999999998;19.99000000000001
"2017-07-16";197;28.99000000000001;18.579999999999984
"2017-07-17";198;28.910000000000025;20.399999999999977
"2017-07-18";199;30.060000000000002;21.889999999999986
"2017-07-19";200;33.30000000000001;23.49000000000001
"2017-07-20";201;33.55000000000001;23.74000000000001
"2017-07-21";202;32.72000000000003;23.350000000000023
"2017-07-22";203;31.24000000000001;24.19999999999999
"2017-07-23";204;27.139999999999986;22.149999999999977
"2017-07-24";205;23.779999999999973;18.99000000000001
"2017-07-25";206;21.730000000000018;16.980000000000018
"2017-07-26";207;24.149999999999977;17.95999999999998
"2017-07-27";208;24.899999999999977;17.519999999999982
"2017-07-28";209;28.480000000000018;20.370000000000005
"2017-07-29";210;25.44999999999999;19.220000000000027
"2017-07-30";211;27.379999999999995;14.980000000000018
"2017-07-31";212;30.610000000000014;16.670000000000016
"2017-08-01";213;31.589999999999975;19.439999999999998
"2017-08-02";214;29.220000000000027;20.769999999999982
"2017-08-03";215;29.310000000000002;19.220000000000027
"2017-08-04";216;29.069999999999993;21.439999999999998
"2017-08-05";217;25.980000000000018;20.649999999999977
"2017-08-06";218;23.980000000000018;16.29000000000002
"2017-08-07";219;21.910000000000025;17.910000000000025
"2017-08-08";220;25.730000000000018;18.649999999999977
"2017-08-09";221;27.899999999999977;16.29000000000002
"2017-08-10";222;28.420000000000016;17.75
"2017-08-11";223;26.899999999999977;18.519999999999982
"2017-08-12";224;25.149999999999977;18.379999999999995
"2017-08-13";225;28.319999999999993;20.779999999999973
"2017-08-14";226;26.99000000000001;18.680000000000007
"2017-08-15";227;24.529999999999973;20.730000000000018
"2017-08-16";228;29.30000000000001;18.752999999999986
"2017-08-17";229;28.069999999999993;19.5
"2017-08-18";230;27.899999999999977;23.069999999999993
"2017-08-19";231;29.910000000000025;22.389999999999986
"2017-08-20";232;28.149999999999977;20.069999999999993
"2017-08-21";233;29.730000000000018;18.99000000000001
"2017-08-22";234;31.600000000000023;22.680000000000007
"2017-08-23";235;29.389999999999986;22.45999999999998
"2017-08-24";236;26.069999999999993;16.670000000000016
"2017-08-25";237;24.899999999999977;15.75
"2017-08-26";238;24.50999999999999;14.379999999999995
"2017-08-27";239;24.480000000000018;14.29000000000002
"2017-08-28";240;23.149999999999977;14.990000000000009
"2017-08-29";241;19.839999999999975;17.139999999999986
"2017-08-30";242;25.30000000000001;16.149999999999977
"2017-08-31";243;27.069999999999993;16.680000000000007
"2017-09-01";244;21.980000000000018;12.730000000000018
"2017-09-02";245;18.899999999999977;11.220000000000027
"2017-09-03";246;21.480000000000018;14.329999999999984
"2017-09-04";247;26.870000000000005;15.139999999999986
"2017-09-05";248;29.319999999999993;18.910000000000025
"2017-09-06";249;23.810000000000002;17.029999999999973
"2017-09-07";250;22.420000000000016;15.509999999999991
"2017-09-08";251;21.879999999999995;13.060000000000002
"2017-09-09";252;20.50999999999999;11.730000000000018
"2017-09-10";253;22.50999999999999;11.889999999999986
"2017-09-11";254;24.810000000000002;11.379999999999995
"2017-09-12";255;26.139999999999986;13.660000000000025
"2017-09-13";256;26.870000000000005;14.889999999999986
"2017-09-14";257;26.730000000000018;20.730000000000018
"2017-09-15";258;26.970000000000027;18.060000000000002
"2017-09-16";259;26.879999999999995;19.389999999999986
"2017-09-17";260;26.329999999999984;19.95999999999998
"2017-09-18";261;23.069999999999993;19.980000000000018
"2017-09-19";262;25.430000000000007;21.149999999999977
"2017-09-20";263;26.339999999999975;21.399999999999977
"2017-09-21";264;27.149999999999977;21.689999999999998
"2017-09-22";265;28.060000000000002;18.329999999999984
"2017-09-23";266;30.569999999999993;19.689999999999998
"2017-09-24";267;31.94999999999999;18.720000000000027
"2017-09-25";268;30.24000000000001;19.980000000000018
"2017-09-26";269;27.610000000000014;19.230000000000018
"2017-09-27";270;29.79000000000002;20.060000000000002
"2017-09-28";271;25.600000000000023;20.689999999999998
"2017-09-29";272;19.480000000000018;10.889999999999986
"2017-09-30";273;17.149999999999977;12.139999999999986
"2017-10-01";274;19.689999999999998;9.160000000000025
"2017-10-02";275;22.480000000000018;8.509999999999991
"2017-10-03";276;20.680000000000007;9.439999999999998
"2017-10-04";277;24.0;9.990000000000009
"2017-10-05";278;27.810000000000002;16.829999999999984
"2017-10-06";279;26.99000000000001;18.75999999999999
"2017-10-07";280;26.730000000000018;17.930000000000007
"2017-10-08";281;25.879999999999995;22.399999999999977
"2017-10-09";282;24.230000000000018;22.529999999999973
"2017-10-10";283;26.99000000000001;18.769999999999982
"2017-10-11";284;23.310000000000002;16.680000000000007
"2017-10-12";285;19.220000000000027;13.230000000000018
"2017-10-13";286;18.220000000000027;10.310000000000002
"2017-10-14";287;21.899999999999977;16.329999999999984
"2017-10-15";288;22.310000000000002;18.149999999999977
"2017-10-16";289;20.649999999999977;12.509999999999991
"2017-10-17";290;15.149999999999977;3.8100000000000023
"2017-10-18";291;22.610000000000014;7.060000000000002
"2017-10-19";292;22.24000000000001;8.829999999999984
"2017-10-20";293;23.30000000000001;10.75
"2017-10-21";294;25.779999999999973;9.129999999999995
"2017-10-22";295;23.569999999999993;8.720000000000027
"2017-10-23";296;22.819999999999993;12.980000000000018
"2017-10-24";297;23.230000000000018;20.060000000000002
"2017-10-25";298;19.899999999999977;13.149999999999977
"2017-10-26";299;15.060000000000002;10.839999999999975
"2017-10-27";300;16.980000000000018;5.1299999999999955
"2017-10-28";301;11.980000000000018;11.980000000000018
